b'<?xml version="1.0" encoding="UTF-8" ?>
<root>
    <item type="dict">
        <_id type="dict">
            <key name="$oid" type="str">6113304b69f35f25f0d12820</key>
        </_id>
        <DNAME type="str">&apos;Research&apos;</DNAME>
        <MGR_START_DATE type="str"> &apos;22-MAY-1978&apos;</MGR_START_DATE>
        <MANAGER_LNAME type="list">
            <item type="dict">
                <E_LNAME type="str"> &apos;Wong&apos;</E_LNAME>
            </item>
        </MANAGER_LNAME>
        <EMP_DETAILS type="list">
            <item type="dict">
                <E_FNAME type="str">&apos;Franklin&apos;</E_FNAME>
                <E_LNAME type="str"> &apos;Wong&apos;</E_LNAME>
                <SALARY type="str">40000</SALARY>
            </item>
            <item type="dict">
                <E_FNAME type="str">&apos;John&apos;</E_FNAME>
                <E_LNAME type="str"> &apos;Smith&apos;</E_LNAME>
                <SALARY type="str">30000</SALARY>
            </item>
            <item type="dict">
                <E_FNAME type="str">&apos;Ramesh&apos;</E_FNAME>
                <E_LNAME type="str"> &apos;Narayan&apos;</E_LNAME>
                <SALARY type="str">38000</SALARY>
            </item>
            <item type="dict">
                <E_FNAME type="str">&apos;Joyce&apos;</E_FNAME>
                <E_LNAME type="str"> &apos;English&apos;</E_LNAME>
                <SALARY type="str">25000</SALARY>
            </item>
            <item type="dict">
                <E_FNAME type="str">&apos;Michael&apos;</E_FNAME>
                <E_LNAME type="str"> &apos;Morgan&apos;</E_LNAME>
                <SALARY type="str">73500</SALARY>
            </item>
            <item type="dict">
                <E_FNAME type="str">&apos;Andrea&apos;</E_FNAME>
                <E_LNAME type="str"> &apos;Sondrini&apos;</E_LNAME>
                <SALARY type="str">65000</SALARY>
            </item>
            <item type="dict">
                <E_FNAME type="str">&apos;James&apos;</E_FNAME>
                <E_LNAME type="str"> &apos;Miller&apos;</E_LNAME>
                <SALARY type="str">75000</SALARY>
            </item>
        </EMP_DETAILS>
    </item>
    <item type="dict">
        <_id type="dict">
            <key name="$oid" type="str">6113304b69f35f25f0d12821</key>
        </_id>
        <DNAME type="str">Administration&apos;</DNAME>
        <MGR_START_DATE type="str"> &apos;01-JAN-1985&apos;</MGR_START_DATE>
        <MANAGER_LNAME type="list">
            <item type="dict">
                <E_LNAME type="str"> &apos;Wallace&apos;</E_LNAME>
            </item>
        </MANAGER_LNAME>
        <EMP_DETAILS type="list">
            <item type="dict">
                <E_FNAME type="str">&apos;Jennifer&apos;</E_FNAME>
                <E_LNAME type="str"> &apos;Wallace&apos;</E_LNAME>
                <SALARY type="str">43000</SALARY>
            </item>
            <item type="dict">
                <E_FNAME type="str">&apos;Alicia&apos;</E_FNAME>
                <E_LNAME type="str"> &apos;Zelaya&apos;</E_LNAME>
                <SALARY type="str">25000</SALARY>
            </item>
            <item type="dict">
                <E_FNAME type="str">&apos;Ahmad&apos;</E_FNAME>
                <E_LNAME type="str"> &apos;Jabbar&apos;</E_LNAME>
                <SALARY type="str">25000</SALARY>
            </item>
            <item type="dict">
                <E_FNAME type="str">&apos;Wilson&apos;</E_FNAME>
                <E_LNAME type="str"> &apos;Holmes&apos;</E_LNAME>
                <SALARY type="str">72500</SALARY>
            </item>
            <item type="dict">
                <E_FNAME type="str">&apos;Cameron&apos;</E_FNAME>
                <E_LNAME type="str"> &apos;Thirteen&apos;</E_LNAME>
                <SALARY type="str">80000</SALARY>
            </item>
            <item type="dict">
                <E_FNAME type="str">&apos;Richard&apos;</E_FNAME>
                <E_LNAME type="str"> &apos;Koelbel&apos;</E_LNAME>
                <SALARY type="str">85000</SALARY>
            </item>
        </EMP_DETAILS>
    </item>
    <item type="dict">
        <_id type="dict">
            <key name="$oid" type="str">6113304b69f35f25f0d12822</key>
        </_id>
        <DNAME type="str">&apos;Headquarters&apos;</DNAME>
        <MGR_START_DATE type="str"> &apos;19-JUN-1971&apos;</MGR_START_DATE>
        <MANAGER_LNAME type="list">
            <item type="dict">
                <E_LNAME type="str"> &apos;Borg&apos;</E_LNAME>
            </item>
        </MANAGER_LNAME>
        <EMP_DETAILS type="list">
            <item type="dict">
                <E_FNAME type="str">&apos;James&apos;</E_FNAME>
                <E_LNAME type="str"> &apos;Borg&apos;</E_LNAME>
                <SALARY type="str">55000</SALARY>
            </item>
            <item type="dict">
                <E_FNAME type="str">&apos;Jisha&apos;</E_FNAME>
                <E_LNAME type="str"> &apos;Carpenter&apos;</E_LNAME>
                <SALARY type="str">15000</SALARY>
            </item>
        </EMP_DETAILS>
    </item>
    <item type="dict">
        <_id type="dict">
            <key name="$oid" type="str">6113304b69f35f25f0d12823</key>
        </_id>
        <DNAME type="str">&apos;Software&apos;</DNAME>
        <MGR_START_DATE type="str"> &apos;15-MAY-1999&apos;</MGR_START_DATE>
        <MANAGER_LNAME type="list">
            <item type="dict">
                <E_LNAME type="str"> &apos;James&apos;</E_LNAME>
            </item>
        </MANAGER_LNAME>
        <EMP_DETAILS type="list">
            <item type="dict">
                <E_FNAME type="str">&apos;Jared&apos;</E_FNAME>
                <E_LNAME type="str"> &apos;James&apos;</E_LNAME>
                <SALARY type="str">85000</SALARY>
            </item>
            <item type="dict">
                <E_FNAME type="str">&apos;Jon&apos;</E_FNAME>
                <E_LNAME type="str"> &apos;Jones&apos;</E_LNAME>
                <SALARY type="str">45000</SALARY>
            </item>
            <item type="dict">
                <E_FNAME type="str">&apos;Justin&apos;</E_FNAME>
                <E_LNAME type="str"> &apos;Mark&apos;</E_LNAME>
                <SALARY type="str">40000</SALARY>
            </item>
            <item type="dict">
                <E_FNAME type="str">&apos;Brad&apos;</E_FNAME>
                <E_LNAME type="str"> &apos;Knight&apos;</E_LNAME>
                <SALARY type="str">44000</SALARY>
            </item>
            <item type="dict">
                <E_FNAME type="str">&apos;Kim&apos;</E_FNAME>
                <E_LNAME type="str"> &apos;Grace&apos;</E_LNAME>
                <SALARY type="str">79000</SALARY>
            </item>
            <item type="dict">
                <E_FNAME type="str">&apos;Jeff&apos;</E_FNAME>
                <E_LNAME type="str"> &apos;Chase&apos;</E_LNAME>
                <SALARY type="str">44000</SALARY>
            </item>
            <item type="dict">
                <E_FNAME type="str">&apos;Nandita&apos;</E_FNAME>
                <E_LNAME type="str"> &apos;Ball&apos;</E_LNAME>
                <SALARY type="str">62000</SALARY>
            </item>
            <item type="dict">
                <E_FNAME type="str">&apos;John&apos;</E_FNAME>
                <E_LNAME type="str"> &apos;Ed&apos;</E_LNAME>
                <SALARY type="str">30000</SALARY>
            </item>
            <item type="dict">
                <E_FNAME type="str">&apos;Jose&apos;</E_FNAME>
                <E_LNAME type="str"> &apos;Barbara&apos;</E_LNAME>
                <SALARY type="str">35000</SALARY>
            </item>
            <item type="dict">
                <E_FNAME type="str">&apos;Penny&apos;</E_FNAME>
                <E_LNAME type="str"> &apos;Wolowitz&apos;</E_LNAME>
                <SALARY type="str">17000</SALARY>
            </item>
            <item type="dict">
                <E_FNAME type="str">&apos;Debra&apos;</E_FNAME>
                <E_LNAME type="str"> &apos;Hall&apos;</E_LNAME>
                <SALARY type="str">30000</SALARY>
            </item>
            <item type="dict">
                <E_FNAME type="str">&apos;Jake&apos;</E_FNAME>
                <E_LNAME type="str"> &apos;Sheen&apos;</E_LNAME>
                <SALARY type="str">52000</SALARY>
            </item>
            <item type="dict">
                <E_FNAME type="str">&apos;Cindy&apos;</E_FNAME>
                <E_LNAME type="str"> &apos;Burklow&apos;</E_LNAME>
                <SALARY type="str">45000</SALARY>
            </item>
            <item type="dict">
                <E_FNAME type="str">&apos;Zach&apos;</E_FNAME>
                <E_LNAME type="str"> &apos;Geller&apos;</E_LNAME>
                <SALARY type="str">55000</SALARY>
            </item>
            <item type="dict">
                <E_FNAME type="str">&apos;Alex&apos;</E_FNAME>
                <E_LNAME type="str"> &apos;Yu&apos;</E_LNAME>
                <SALARY type="str">50000</SALARY>
            </item>
            <item type="dict">
                <E_FNAME type="str">&apos;Christina&apos;</E_FNAME>
                <E_LNAME type="str"> &apos;Hisel&apos;</E_LNAME>
                <SALARY type="str">45000</SALARY>
            </item>
        </EMP_DETAILS>
    </item>
    <item type="dict">
        <_id type="dict">
            <key name="$oid" type="str">6113304b69f35f25f0d12824</key>
        </_id>
        <DNAME type="str">&apos;Hardware&apos;</DNAME>
        <MGR_START_DATE type="str"> &apos;15-MAY-1998&apos;</MGR_START_DATE>
        <MANAGER_LNAME type="list">
            <item type="dict">
                <E_LNAME type="str"> &apos;Freed&apos;</E_LNAME>
            </item>
        </MANAGER_LNAME>
        <EMP_DETAILS type="list">
            <item type="dict">
                <E_FNAME type="str">&apos;Alex&apos;</E_FNAME>
                <E_LNAME type="str"> &apos;Freed&apos;</E_LNAME>
                <SALARY type="str">89000</SALARY>
            </item>
            <item type="dict">
                <E_FNAME type="str">&apos;Evan&apos;</E_FNAME>
                <E_LNAME type="str"> &apos;Wallis&apos;</E_LNAME>
                <SALARY type="str">92000</SALARY>
            </item>
            <item type="dict">
                <E_FNAME type="str">&apos;Josh&apos;</E_FNAME>
                <E_LNAME type="str"> &apos;Zell&apos;</E_LNAME>
                <SALARY type="str">56000</SALARY>
            </item>
            <item type="dict">
                <E_FNAME type="str">&apos;Andy&apos;</E_FNAME>
                <E_LNAME type="str"> &apos;Vile&apos;</E_LNAME>
                <SALARY type="str">53000</SALARY>
            </item>
            <item type="dict">
                <E_FNAME type="str">&apos;Tom&apos;</E_FNAME>
                <E_LNAME type="str"> &apos;Brand&apos;</E_LNAME>
                <SALARY type="str">62500</SALARY>
            </item>
            <item type="dict">
                <E_FNAME type="str">&apos;Jenny&apos;</E_FNAME>
                <E_LNAME type="str"> &apos;Vos&apos;</E_LNAME>
                <SALARY type="str">61000</SALARY>
            </item>
            <item type="dict">
                <E_FNAME type="str">&apos;Chris&apos;</E_FNAME>
                <E_LNAME type="str"> &apos;Carter&apos;</E_LNAME>
                <SALARY type="str">43000</SALARY>
            </item>
            <item type="dict">
                <E_FNAME type="str">&apos;Bonnie&apos;</E_FNAME>
                <E_LNAME type="str"> &apos;Bays&apos;</E_LNAME>
                <SALARY type="str">70000</SALARY>
            </item>
            <item type="dict">
                <E_FNAME type="str">&apos;Alec&apos;</E_FNAME>
                <E_LNAME type="str"> &apos;Best&apos;</E_LNAME>
                <SALARY type="str">60000</SALARY>
            </item>
            <item type="dict">
                <E_FNAME type="str">&apos;Sam&apos;</E_FNAME>
                <E_LNAME type="str"> &apos;Snedden&apos;</E_LNAME>
                <SALARY type="str">48000</SALARY>
            </item>
            <item type="dict">
                <E_FNAME type="str">&apos;Gregory&apos;</E_FNAME>
                <E_LNAME type="str"> &apos;Laurie&apos;</E_LNAME>
                <SALARY type="str">90000</SALARY>
            </item>
            <item type="dict">
                <E_FNAME type="str">&apos;Lisa&apos;</E_FNAME>
                <E_LNAME type="str"> &apos;House&apos;</E_LNAME>
                <SALARY type="str">85000</SALARY>
            </item>
            <item type="dict">
                <E_FNAME type="str">&apos;Leonard&apos;</E_FNAME>
                <E_LNAME type="str"> &apos;Moody&apos;</E_LNAME>
                <SALARY type="str">45000</SALARY>
            </item>
            <item type="dict">
                <E_FNAME type="str">&apos;Joseph&apos;</E_FNAME>
                <E_LNAME type="str"> &apos;Kirkish&apos;</E_LNAME>
                <SALARY type="str">95000</SALARY>
            </item>
        </EMP_DETAILS>
    </item>
    <item type="dict">
        <_id type="dict">
            <key name="$oid" type="str">6113304b69f35f25f0d12825</key>
        </_id>
        <DNAME type="str">&apos;Sales&apos;</DNAME>
        <MGR_START_DATE type="str"> &apos;01-JAN-1997&apos;</MGR_START_DATE>
        <MANAGER_LNAME type="list">
            <item type="dict">
                <E_LNAME type="str"> &apos;James&apos;</E_LNAME>
            </item>
        </MANAGER_LNAME>
        <EMP_DETAILS type="list">
            <item type="dict">
                <E_FNAME type="str">&apos;John&apos;</E_FNAME>
                <E_LNAME type="str"> &apos;James&apos;</E_LNAME>
                <SALARY type="str">81000</SALARY>
            </item>
            <item type="dict">
                <E_FNAME type="str">&apos;Bob&apos;</E_FNAME>
                <E_LNAME type="str"> &apos;Bender&apos;</E_LNAME>
                <SALARY type="str">96000</SALARY>
            </item>
            <item type="dict">
                <E_FNAME type="str">&apos;Kate&apos;</E_FNAME>
                <E_LNAME type="str"> &apos;King&apos;</E_LNAME>
                <SALARY type="str">44000</SALARY>
            </item>
            <item type="dict">
                <E_FNAME type="str">&apos;Lyle&apos;</E_FNAME>
                <E_LNAME type="str"> &apos;Leslie&apos;</E_LNAME>
                <SALARY type="str">41000</SALARY>
            </item>
            <item type="dict">
                <E_FNAME type="str">&apos;Billie&apos;</E_FNAME>
                <E_LNAME type="str"> &apos;King&apos;</E_LNAME>
                <SALARY type="str">38000</SALARY>
            </item>
            <item type="dict">
                <E_FNAME type="str">&apos;Megan&apos;</E_FNAME>
                <E_LNAME type="str"> &apos;Jones&apos;</E_LNAME>
                <SALARY type="str">62000</SALARY>
            </item>
            <item type="dict">
                <E_FNAME type="str">&apos;Jon&apos;</E_FNAME>
                <E_LNAME type="str"> &apos;Kramer&apos;</E_LNAME>
                <SALARY type="str">41500</SALARY>
            </item>
            <item type="dict">
                <E_FNAME type="str">&apos;Gerald&apos;</E_FNAME>
                <E_LNAME type="str"> &apos;Small&apos;</E_LNAME>
                <SALARY type="str">29000</SALARY>
            </item>
            <item type="dict">
                <E_FNAME type="str">&apos;Arnold&apos;</E_FNAME>
                <E_LNAME type="str"> &apos;Head&apos;</E_LNAME>
                <SALARY type="str">33000</SALARY>
            </item>
            <item type="dict">
                <E_FNAME type="str">&apos;Helga&apos;</E_FNAME>
                <E_LNAME type="str"> &apos;Pataki&apos;</E_LNAME>
                <SALARY type="str">32000</SALARY>
            </item>
            <item type="dict">
                <E_FNAME type="str">&apos;Naveen&apos;</E_FNAME>
                <E_LNAME type="str"> &apos;Drew&apos;</E_LNAME>
                <SALARY type="str">34000</SALARY>
            </item>
            <item type="dict">
                <E_FNAME type="str">&apos;Carl&apos;</E_FNAME>
                <E_LNAME type="str"> &apos;Reedy&apos;</E_LNAME>
                <SALARY type="str">32000</SALARY>
            </item>
            <item type="dict">
                <E_FNAME type="str">&apos;Sammy&apos;</E_FNAME>
                <E_LNAME type="str"> &apos;Hall&apos;</E_LNAME>
                <SALARY type="str">37000</SALARY>
            </item>
            <item type="dict">
                <E_FNAME type="str">&apos;Red&apos;</E_FNAME>
                <E_LNAME type="str"> &apos;Bacher&apos;</E_LNAME>
                <SALARY type="str">33500</SALARY>
            </item>
            <item type="dict">
                <E_FNAME type="str">&apos;Roy&apos;</E_FNAME>
                <E_LNAME type="str"> &apos;Lewallen&apos;</E_LNAME>
                <SALARY type="str">75500</SALARY>
            </item>
            <item type="dict">
                <E_FNAME type="str">&apos;Jennifer&apos;</E_FNAME>
                <E_LNAME type="str"> &apos;Joy&apos;</E_LNAME>
                <SALARY type="str">45000</SALARY>
            </item>
            <item type="dict">
                <E_FNAME type="str">&apos;Erin&apos;</E_FNAME>
                <E_LNAME type="str"> &apos;Maxfield&apos;</E_LNAME>
                <SALARY type="str">72000</SALARY>
            </item>
            <item type="dict">
                <E_FNAME type="str">&apos;Sheldon&apos;</E_FNAME>
                <E_LNAME type="str"> &apos;Cucuou&apos;</E_LNAME>
                <SALARY type="str">35500</SALARY>
            </item>
        </EMP_DETAILS>
    </item>
    <item type="dict">
        <_id type="dict">
            <key name="$oid" type="str">6113304b69f35f25f0d12826</key>
        </_id>
        <DNAME type="str">&apos;HR&apos;</DNAME>
        <MGR_START_DATE type="str"> &apos;01-FEB-1989&apos;</MGR_START_DATE>
        <MANAGER_LNAME type="list">
            <item type="dict">
                <E_LNAME type="str"> &apos;Linda&apos;</E_LNAME>
            </item>
        </MANAGER_LNAME>
        <EMP_DETAILS type="list">
            <item type="dict">
                <E_FNAME type="str">&apos;Jill&apos;</E_FNAME>
                <E_LNAME type="str"> &apos;Jarvis&apos;</E_LNAME>
                <SALARY type="str">36000</SALARY>
            </item>
            <item type="dict">
                <E_FNAME type="str">&apos;Ray&apos;</E_FNAME>
                <E_LNAME type="str"> &apos;King&apos;</E_LNAME>
                <SALARY type="str">44500</SALARY>
            </item>
            <item type="dict">
                <E_FNAME type="str">&apos;Kim&apos;</E_FNAME>
                <E_LNAME type="str"> &apos;Ted&apos;</E_LNAME>
                <SALARY type="str">50000</SALARY>
            </item>
            <item type="dict">
                <E_FNAME type="str">&apos;Juan&apos;</E_FNAME>
                <E_LNAME type="str"> &apos;Linda&apos;</E_LNAME>
                <SALARY type="str">55000</SALARY>
            </item>
            <item type="dict">
                <E_FNAME type="str">&apos;willie&apos;</E_FNAME>
                <E_LNAME type="str"> &apos;Mary&apos;</E_LNAME>
                <SALARY type="str">12000</SALARY>
            </item>
            <item type="dict">
                <E_FNAME type="str">&apos;Johny&apos;</E_FNAME>
                <E_LNAME type="str"> &apos;Smith&apos;</E_LNAME>
                <SALARY type="str">65000</SALARY>
            </item>
            <item type="dict">
                <E_FNAME type="str">&apos;Percy&apos;</E_FNAME>
                <E_LNAME type="str"> &apos;Liang&apos;</E_LNAME>
                <SALARY type="str">55000</SALARY>
            </item>
        </EMP_DETAILS>
    </item>
    <item type="dict">
        <_id type="dict">
            <key name="$oid" type="str">6113304b69f35f25f0d12827</key>
        </_id>
        <DNAME type="str">&apos;Networking&apos;</DNAME>
        <MGR_START_DATE type="str"> &apos;15-MAY-2009&apos;</MGR_START_DATE>
        <MANAGER_LNAME type="list">
            <item type="dict">
                <E_LNAME type="str"> &apos;Gupta&apos;</E_LNAME>
            </item>
        </MANAGER_LNAME>
        <EMP_DETAILS type="list">
            <item type="dict">
                <E_FNAME type="str">&apos;Sunil&apos;</E_FNAME>
                <E_LNAME type="str"> &apos;Gupta&apos;</E_LNAME>
                <SALARY type="str">80000</SALARY>
            </item>
        </EMP_DETAILS>
    </item>
    <item type="dict">
        <_id type="dict">
            <key name="$oid" type="str">6113304b69f35f25f0d12828</key>
        </_id>
        <DNAME type="str">&apos;QA&apos;</DNAME>
        <MGR_START_DATE type="str"> &apos;2-FEB-2010&apos;</MGR_START_DATE>
        <MANAGER_LNAME type="list">
            <item type="dict">
                <E_LNAME type="str"> &apos;Kirkish&apos;</E_LNAME>
            </item>
        </MANAGER_LNAME>
        <EMP_DETAILS type="list"></EMP_DETAILS>
    </item>
</root>'