<?xml version="1.0" ?>
<all>
	<item>
		<_id>
			<key name="$oid">6113306469f35f25f0d1282b</key>
		</_id>
		<E_FNAME>'James'</E_FNAME>
		<E_LNAME> 'Borg'</E_LNAME>
		<DEPARTMENT_DETAILS>
			<item>
				<DNAME>'Headquarters'</DNAME>
			</item>
		</DEPARTMENT_DETAILS>
		<PROJECT_DETAILS>
			<item>
				<PNAME>'Reorganization'</PNAME>
				<PNUM>20</PNUM>
			</item>
		</PROJECT_DETAILS>
		<PROJECT_HOURS/>
	</item>
	<item>
		<_id>
			<key name="$oid">6113306469f35f25f0d1282c</key>
		</_id>
		<E_FNAME>'Franklin'</E_FNAME>
		<E_LNAME> 'Wong'</E_LNAME>
		<DEPARTMENT_DETAILS>
			<item>
				<DNAME>'Research'</DNAME>
			</item>
		</DEPARTMENT_DETAILS>
		<PROJECT_DETAILS>
			<item>
				<PNAME>'ProductX'</PNAME>
				<PNUM>1</PNUM>
			</item>
			<item>
				<PNAME>'ProductY'</PNAME>
				<PNUM>2</PNUM>
			</item>
			<item>
				<PNAME>'ProductZ'</PNAME>
				<PNUM>3</PNUM>
			</item>
			<item>
				<PNAME>'EntityAnnot'</PNAME>
				<PNUM>4</PNUM>
			</item>
		</PROJECT_DETAILS>
		<PROJECT_HOURS/>
	</item>
	<item>
		<_id>
			<key name="$oid">6113306469f35f25f0d1282d</key>
		</_id>
		<E_FNAME>'Jennifer'</E_FNAME>
		<E_LNAME> 'Wallace'</E_LNAME>
		<DEPARTMENT_DETAILS>
			<item>
				<DNAME>Administration'</DNAME>
			</item>
		</DEPARTMENT_DETAILS>
		<PROJECT_DETAILS>
			<item>
				<PNAME>'Computerization'</PNAME>
				<PNUM>10</PNUM>
			</item>
			<item>
				<PNAME>'Newbenefits'</PNAME>
				<PNUM>30</PNUM>
			</item>
		</PROJECT_DETAILS>
		<PROJECT_HOURS/>
	</item>
	<item>
		<_id>
			<key name="$oid">6113306469f35f25f0d1282e</key>
		</_id>
		<E_FNAME>'Jared'</E_FNAME>
		<E_LNAME> 'James'</E_LNAME>
		<DEPARTMENT_DETAILS>
			<item>
				<DNAME>'Software'</DNAME>
			</item>
		</DEPARTMENT_DETAILS>
		<PROJECT_DETAILS>
			<item>
				<PNAME>'OperatingSystem'</PNAME>
				<PNUM>61</PNUM>
			</item>
			<item>
				<PNAME>'DatabaseSystems'</PNAME>
				<PNUM>62</PNUM>
			</item>
			<item>
				<PNAME>'Middleware'</PNAME>
				<PNUM>63</PNUM>
			</item>
			<item>
				<PNAME>'SearchEngine'</PNAME>
				<PNUM>22</PNUM>
			</item>
			<item>
				<PNAME>'ConfigMgmt'</PNAME>
				<PNUM>11</PNUM>
			</item>
			<item>
				<PNAME>'DataMining'</PNAME>
				<PNUM>13</PNUM>
			</item>
		</PROJECT_DETAILS>
		<PROJECT_HOURS/>
	</item>
	<item>
		<_id>
			<key name="$oid">6113306469f35f25f0d1282f</key>
		</_id>
		<E_FNAME>'Alex'</E_FNAME>
		<E_LNAME> 'Freed'</E_LNAME>
		<DEPARTMENT_DETAILS>
			<item>
				<DNAME>'Hardware'</DNAME>
			</item>
		</DEPARTMENT_DETAILS>
		<PROJECT_DETAILS>
			<item>
				<PNAME>'InkjetPrinters'</PNAME>
				<PNUM>91</PNUM>
			</item>
			<item>
				<PNAME>'LaserPrinters'</PNAME>
				<PNUM>92</PNUM>
			</item>
			<item>
				<PNAME>'MotherBoard'</PNAME>
				<PNUM>29</PNUM>
			</item>
		</PROJECT_DETAILS>
		<PROJECT_HOURS/>
	</item>
	<item>
		<_id>
			<key name="$oid">6113306469f35f25f0d12830</key>
		</_id>
		<E_FNAME>'John'</E_FNAME>
		<E_LNAME> 'James'</E_LNAME>
		<DEPARTMENT_DETAILS>
			<item>
				<DNAME>'Sales'</DNAME>
			</item>
		</DEPARTMENT_DETAILS>
		<PROJECT_DETAILS/>
		<PROJECT_HOURS/>
	</item>
	<item>
		<_id>
			<key name="$oid">6113306469f35f25f0d12831</key>
		</_id>
		<E_FNAME>'John'</E_FNAME>
		<E_LNAME> 'Smith'</E_LNAME>
		<DEPARTMENT_DETAILS>
			<item>
				<DNAME>'Research'</DNAME>
			</item>
		</DEPARTMENT_DETAILS>
		<PROJECT_DETAILS>
			<item>
				<PNAME>'ProductX'</PNAME>
				<PNUM>1</PNUM>
			</item>
			<item>
				<PNAME>'ProductY'</PNAME>
				<PNUM>2</PNUM>
			</item>
			<item>
				<PNAME>'ProductZ'</PNAME>
				<PNUM>3</PNUM>
			</item>
			<item>
				<PNAME>'EntityAnnot'</PNAME>
				<PNUM>4</PNUM>
			</item>
		</PROJECT_DETAILS>
		<PROJECT_HOURS/>
	</item>
	<item>
		<_id>
			<key name="$oid">6113306469f35f25f0d12832</key>
		</_id>
		<E_FNAME>'Alicia'</E_FNAME>
		<E_LNAME> 'Zelaya'</E_LNAME>
		<DEPARTMENT_DETAILS>
			<item>
				<DNAME>Administration'</DNAME>
			</item>
		</DEPARTMENT_DETAILS>
		<PROJECT_DETAILS>
			<item>
				<PNAME>'Computerization'</PNAME>
				<PNUM>10</PNUM>
			</item>
			<item>
				<PNAME>'Newbenefits'</PNAME>
				<PNUM>30</PNUM>
			</item>
		</PROJECT_DETAILS>
		<PROJECT_HOURS/>
	</item>
	<item>
		<_id>
			<key name="$oid">6113306469f35f25f0d12833</key>
		</_id>
		<E_FNAME>'Ramesh'</E_FNAME>
		<E_LNAME> 'Narayan'</E_LNAME>
		<DEPARTMENT_DETAILS>
			<item>
				<DNAME>'Research'</DNAME>
			</item>
		</DEPARTMENT_DETAILS>
		<PROJECT_DETAILS>
			<item>
				<PNAME>'ProductX'</PNAME>
				<PNUM>1</PNUM>
			</item>
			<item>
				<PNAME>'ProductY'</PNAME>
				<PNUM>2</PNUM>
			</item>
			<item>
				<PNAME>'ProductZ'</PNAME>
				<PNUM>3</PNUM>
			</item>
			<item>
				<PNAME>'EntityAnnot'</PNAME>
				<PNUM>4</PNUM>
			</item>
		</PROJECT_DETAILS>
		<PROJECT_HOURS/>
	</item>
	<item>
		<_id>
			<key name="$oid">6113306469f35f25f0d12834</key>
		</_id>
		<E_FNAME>'Joyce'</E_FNAME>
		<E_LNAME> 'English'</E_LNAME>
		<DEPARTMENT_DETAILS>
			<item>
				<DNAME>'Research'</DNAME>
			</item>
		</DEPARTMENT_DETAILS>
		<PROJECT_DETAILS>
			<item>
				<PNAME>'ProductX'</PNAME>
				<PNUM>1</PNUM>
			</item>
			<item>
				<PNAME>'ProductY'</PNAME>
				<PNUM>2</PNUM>
			</item>
			<item>
				<PNAME>'ProductZ'</PNAME>
				<PNUM>3</PNUM>
			</item>
			<item>
				<PNAME>'EntityAnnot'</PNAME>
				<PNUM>4</PNUM>
			</item>
		</PROJECT_DETAILS>
		<PROJECT_HOURS/>
	</item>
	<item>
		<_id>
			<key name="$oid">6113306469f35f25f0d12835</key>
		</_id>
		<E_FNAME>'Ahmad'</E_FNAME>
		<E_LNAME> 'Jabbar'</E_LNAME>
		<DEPARTMENT_DETAILS>
			<item>
				<DNAME>Administration'</DNAME>
			</item>
		</DEPARTMENT_DETAILS>
		<PROJECT_DETAILS>
			<item>
				<PNAME>'Computerization'</PNAME>
				<PNUM>10</PNUM>
			</item>
			<item>
				<PNAME>'Newbenefits'</PNAME>
				<PNUM>30</PNUM>
			</item>
		</PROJECT_DETAILS>
		<PROJECT_HOURS/>
	</item>
	<item>
		<_id>
			<key name="$oid">6113306469f35f25f0d12836</key>
		</_id>
		<E_FNAME>'Jon'</E_FNAME>
		<E_LNAME> 'Jones'</E_LNAME>
		<DEPARTMENT_DETAILS>
			<item>
				<DNAME>'Software'</DNAME>
			</item>
		</DEPARTMENT_DETAILS>
		<PROJECT_DETAILS>
			<item>
				<PNAME>'OperatingSystem'</PNAME>
				<PNUM>61</PNUM>
			</item>
			<item>
				<PNAME>'DatabaseSystems'</PNAME>
				<PNUM>62</PNUM>
			</item>
			<item>
				<PNAME>'Middleware'</PNAME>
				<PNUM>63</PNUM>
			</item>
			<item>
				<PNAME>'SearchEngine'</PNAME>
				<PNUM>22</PNUM>
			</item>
			<item>
				<PNAME>'ConfigMgmt'</PNAME>
				<PNUM>11</PNUM>
			</item>
			<item>
				<PNAME>'DataMining'</PNAME>
				<PNUM>13</PNUM>
			</item>
		</PROJECT_DETAILS>
		<PROJECT_HOURS/>
	</item>
	<item>
		<_id>
			<key name="$oid">6113306469f35f25f0d12837</key>
		</_id>
		<E_FNAME>'Justin'</E_FNAME>
		<E_LNAME> 'Mark'</E_LNAME>
		<DEPARTMENT_DETAILS>
			<item>
				<DNAME>'Software'</DNAME>
			</item>
		</DEPARTMENT_DETAILS>
		<PROJECT_DETAILS>
			<item>
				<PNAME>'OperatingSystem'</PNAME>
				<PNUM>61</PNUM>
			</item>
			<item>
				<PNAME>'DatabaseSystems'</PNAME>
				<PNUM>62</PNUM>
			</item>
			<item>
				<PNAME>'Middleware'</PNAME>
				<PNUM>63</PNUM>
			</item>
			<item>
				<PNAME>'SearchEngine'</PNAME>
				<PNUM>22</PNUM>
			</item>
			<item>
				<PNAME>'ConfigMgmt'</PNAME>
				<PNUM>11</PNUM>
			</item>
			<item>
				<PNAME>'DataMining'</PNAME>
				<PNUM>13</PNUM>
			</item>
		</PROJECT_DETAILS>
		<PROJECT_HOURS/>
	</item>
	<item>
		<_id>
			<key name="$oid">6113306469f35f25f0d12838</key>
		</_id>
		<E_FNAME>'Brad'</E_FNAME>
		<E_LNAME> 'Knight'</E_LNAME>
		<DEPARTMENT_DETAILS>
			<item>
				<DNAME>'Software'</DNAME>
			</item>
		</DEPARTMENT_DETAILS>
		<PROJECT_DETAILS>
			<item>
				<PNAME>'OperatingSystem'</PNAME>
				<PNUM>61</PNUM>
			</item>
			<item>
				<PNAME>'DatabaseSystems'</PNAME>
				<PNUM>62</PNUM>
			</item>
			<item>
				<PNAME>'Middleware'</PNAME>
				<PNUM>63</PNUM>
			</item>
			<item>
				<PNAME>'SearchEngine'</PNAME>
				<PNUM>22</PNUM>
			</item>
			<item>
				<PNAME>'ConfigMgmt'</PNAME>
				<PNUM>11</PNUM>
			</item>
			<item>
				<PNAME>'DataMining'</PNAME>
				<PNUM>13</PNUM>
			</item>
		</PROJECT_DETAILS>
		<PROJECT_HOURS/>
	</item>
	<item>
		<_id>
			<key name="$oid">6113306469f35f25f0d12839</key>
		</_id>
		<E_FNAME>'Evan'</E_FNAME>
		<E_LNAME> 'Wallis'</E_LNAME>
		<DEPARTMENT_DETAILS>
			<item>
				<DNAME>'Hardware'</DNAME>
			</item>
		</DEPARTMENT_DETAILS>
		<PROJECT_DETAILS>
			<item>
				<PNAME>'InkjetPrinters'</PNAME>
				<PNUM>91</PNUM>
			</item>
			<item>
				<PNAME>'LaserPrinters'</PNAME>
				<PNUM>92</PNUM>
			</item>
			<item>
				<PNAME>'MotherBoard'</PNAME>
				<PNUM>29</PNUM>
			</item>
		</PROJECT_DETAILS>
		<PROJECT_HOURS/>
	</item>
	<item>
		<_id>
			<key name="$oid">6113306469f35f25f0d1283a</key>
		</_id>
		<E_FNAME>'Josh'</E_FNAME>
		<E_LNAME> 'Zell'</E_LNAME>
		<DEPARTMENT_DETAILS>
			<item>
				<DNAME>'Hardware'</DNAME>
			</item>
		</DEPARTMENT_DETAILS>
		<PROJECT_DETAILS>
			<item>
				<PNAME>'InkjetPrinters'</PNAME>
				<PNUM>91</PNUM>
			</item>
			<item>
				<PNAME>'LaserPrinters'</PNAME>
				<PNUM>92</PNUM>
			</item>
			<item>
				<PNAME>'MotherBoard'</PNAME>
				<PNUM>29</PNUM>
			</item>
		</PROJECT_DETAILS>
		<PROJECT_HOURS/>
	</item>
	<item>
		<_id>
			<key name="$oid">6113306469f35f25f0d1283b</key>
		</_id>
		<E_FNAME>'Andy'</E_FNAME>
		<E_LNAME> 'Vile'</E_LNAME>
		<DEPARTMENT_DETAILS>
			<item>
				<DNAME>'Hardware'</DNAME>
			</item>
		</DEPARTMENT_DETAILS>
		<PROJECT_DETAILS>
			<item>
				<PNAME>'InkjetPrinters'</PNAME>
				<PNUM>91</PNUM>
			</item>
			<item>
				<PNAME>'LaserPrinters'</PNAME>
				<PNUM>92</PNUM>
			</item>
			<item>
				<PNAME>'MotherBoard'</PNAME>
				<PNUM>29</PNUM>
			</item>
		</PROJECT_DETAILS>
		<PROJECT_HOURS/>
	</item>
	<item>
		<_id>
			<key name="$oid">6113306469f35f25f0d1283c</key>
		</_id>
		<E_FNAME>'Tom'</E_FNAME>
		<E_LNAME> 'Brand'</E_LNAME>
		<DEPARTMENT_DETAILS>
			<item>
				<DNAME>'Hardware'</DNAME>
			</item>
		</DEPARTMENT_DETAILS>
		<PROJECT_DETAILS>
			<item>
				<PNAME>'InkjetPrinters'</PNAME>
				<PNUM>91</PNUM>
			</item>
			<item>
				<PNAME>'LaserPrinters'</PNAME>
				<PNUM>92</PNUM>
			</item>
			<item>
				<PNAME>'MotherBoard'</PNAME>
				<PNUM>29</PNUM>
			</item>
		</PROJECT_DETAILS>
		<PROJECT_HOURS/>
	</item>
	<item>
		<_id>
			<key name="$oid">6113306469f35f25f0d1283d</key>
		</_id>
		<E_FNAME>'Jenny'</E_FNAME>
		<E_LNAME> 'Vos'</E_LNAME>
		<DEPARTMENT_DETAILS>
			<item>
				<DNAME>'Hardware'</DNAME>
			</item>
		</DEPARTMENT_DETAILS>
		<PROJECT_DETAILS>
			<item>
				<PNAME>'InkjetPrinters'</PNAME>
				<PNUM>91</PNUM>
			</item>
			<item>
				<PNAME>'LaserPrinters'</PNAME>
				<PNUM>92</PNUM>
			</item>
			<item>
				<PNAME>'MotherBoard'</PNAME>
				<PNUM>29</PNUM>
			</item>
		</PROJECT_DETAILS>
		<PROJECT_HOURS/>
	</item>
	<item>
		<_id>
			<key name="$oid">6113306469f35f25f0d1283e</key>
		</_id>
		<E_FNAME>'Chris'</E_FNAME>
		<E_LNAME> 'Carter'</E_LNAME>
		<DEPARTMENT_DETAILS>
			<item>
				<DNAME>'Hardware'</DNAME>
			</item>
		</DEPARTMENT_DETAILS>
		<PROJECT_DETAILS>
			<item>
				<PNAME>'InkjetPrinters'</PNAME>
				<PNUM>91</PNUM>
			</item>
			<item>
				<PNAME>'LaserPrinters'</PNAME>
				<PNUM>92</PNUM>
			</item>
			<item>
				<PNAME>'MotherBoard'</PNAME>
				<PNUM>29</PNUM>
			</item>
		</PROJECT_DETAILS>
		<PROJECT_HOURS/>
	</item>
	<item>
		<_id>
			<key name="$oid">6113306469f35f25f0d1283f</key>
		</_id>
		<E_FNAME>'Kim'</E_FNAME>
		<E_LNAME> 'Grace'</E_LNAME>
		<DEPARTMENT_DETAILS>
			<item>
				<DNAME>'Software'</DNAME>
			</item>
		</DEPARTMENT_DETAILS>
		<PROJECT_DETAILS>
			<item>
				<PNAME>'OperatingSystem'</PNAME>
				<PNUM>61</PNUM>
			</item>
			<item>
				<PNAME>'DatabaseSystems'</PNAME>
				<PNUM>62</PNUM>
			</item>
			<item>
				<PNAME>'Middleware'</PNAME>
				<PNUM>63</PNUM>
			</item>
			<item>
				<PNAME>'SearchEngine'</PNAME>
				<PNUM>22</PNUM>
			</item>
			<item>
				<PNAME>'ConfigMgmt'</PNAME>
				<PNUM>11</PNUM>
			</item>
			<item>
				<PNAME>'DataMining'</PNAME>
				<PNUM>13</PNUM>
			</item>
		</PROJECT_DETAILS>
		<PROJECT_HOURS/>
	</item>
	<item>
		<_id>
			<key name="$oid">6113306469f35f25f0d12840</key>
		</_id>
		<E_FNAME>'Jeff'</E_FNAME>
		<E_LNAME> 'Chase'</E_LNAME>
		<DEPARTMENT_DETAILS>
			<item>
				<DNAME>'Software'</DNAME>
			</item>
		</DEPARTMENT_DETAILS>
		<PROJECT_DETAILS>
			<item>
				<PNAME>'OperatingSystem'</PNAME>
				<PNUM>61</PNUM>
			</item>
			<item>
				<PNAME>'DatabaseSystems'</PNAME>
				<PNUM>62</PNUM>
			</item>
			<item>
				<PNAME>'Middleware'</PNAME>
				<PNUM>63</PNUM>
			</item>
			<item>
				<PNAME>'SearchEngine'</PNAME>
				<PNUM>22</PNUM>
			</item>
			<item>
				<PNAME>'ConfigMgmt'</PNAME>
				<PNUM>11</PNUM>
			</item>
			<item>
				<PNAME>'DataMining'</PNAME>
				<PNUM>13</PNUM>
			</item>
		</PROJECT_DETAILS>
		<PROJECT_HOURS/>
	</item>
	<item>
		<_id>
			<key name="$oid">6113306469f35f25f0d12841</key>
		</_id>
		<E_FNAME>'Bonnie'</E_FNAME>
		<E_LNAME> 'Bays'</E_LNAME>
		<DEPARTMENT_DETAILS>
			<item>
				<DNAME>'Hardware'</DNAME>
			</item>
		</DEPARTMENT_DETAILS>
		<PROJECT_DETAILS>
			<item>
				<PNAME>'InkjetPrinters'</PNAME>
				<PNUM>91</PNUM>
			</item>
			<item>
				<PNAME>'LaserPrinters'</PNAME>
				<PNUM>92</PNUM>
			</item>
			<item>
				<PNAME>'MotherBoard'</PNAME>
				<PNUM>29</PNUM>
			</item>
		</PROJECT_DETAILS>
		<PROJECT_HOURS/>
	</item>
	<item>
		<_id>
			<key name="$oid">6113306469f35f25f0d12842</key>
		</_id>
		<E_FNAME>'Alec'</E_FNAME>
		<E_LNAME> 'Best'</E_LNAME>
		<DEPARTMENT_DETAILS>
			<item>
				<DNAME>'Hardware'</DNAME>
			</item>
		</DEPARTMENT_DETAILS>
		<PROJECT_DETAILS>
			<item>
				<PNAME>'InkjetPrinters'</PNAME>
				<PNUM>91</PNUM>
			</item>
			<item>
				<PNAME>'LaserPrinters'</PNAME>
				<PNUM>92</PNUM>
			</item>
			<item>
				<PNAME>'MotherBoard'</PNAME>
				<PNUM>29</PNUM>
			</item>
		</PROJECT_DETAILS>
		<PROJECT_HOURS/>
	</item>
	<item>
		<_id>
			<key name="$oid">6113306469f35f25f0d12843</key>
		</_id>
		<E_FNAME>'Sam'</E_FNAME>
		<E_LNAME> 'Snedden'</E_LNAME>
		<DEPARTMENT_DETAILS>
			<item>
				<DNAME>'Hardware'</DNAME>
			</item>
		</DEPARTMENT_DETAILS>
		<PROJECT_DETAILS>
			<item>
				<PNAME>'InkjetPrinters'</PNAME>
				<PNUM>91</PNUM>
			</item>
			<item>
				<PNAME>'LaserPrinters'</PNAME>
				<PNUM>92</PNUM>
			</item>
			<item>
				<PNAME>'MotherBoard'</PNAME>
				<PNUM>29</PNUM>
			</item>
		</PROJECT_DETAILS>
		<PROJECT_HOURS/>
	</item>
	<item>
		<_id>
			<key name="$oid">6113306469f35f25f0d12844</key>
		</_id>
		<E_FNAME>'Nandita'</E_FNAME>
		<E_LNAME> 'Ball'</E_LNAME>
		<DEPARTMENT_DETAILS>
			<item>
				<DNAME>'Software'</DNAME>
			</item>
		</DEPARTMENT_DETAILS>
		<PROJECT_DETAILS>
			<item>
				<PNAME>'OperatingSystem'</PNAME>
				<PNUM>61</PNUM>
			</item>
			<item>
				<PNAME>'DatabaseSystems'</PNAME>
				<PNUM>62</PNUM>
			</item>
			<item>
				<PNAME>'Middleware'</PNAME>
				<PNUM>63</PNUM>
			</item>
			<item>
				<PNAME>'SearchEngine'</PNAME>
				<PNUM>22</PNUM>
			</item>
			<item>
				<PNAME>'ConfigMgmt'</PNAME>
				<PNUM>11</PNUM>
			</item>
			<item>
				<PNAME>'DataMining'</PNAME>
				<PNUM>13</PNUM>
			</item>
		</PROJECT_DETAILS>
		<PROJECT_HOURS/>
	</item>
	<item>
		<_id>
			<key name="$oid">6113306469f35f25f0d12845</key>
		</_id>
		<E_FNAME>'Bob'</E_FNAME>
		<E_LNAME> 'Bender'</E_LNAME>
		<DEPARTMENT_DETAILS>
			<item>
				<DNAME>'Sales'</DNAME>
			</item>
		</DEPARTMENT_DETAILS>
		<PROJECT_DETAILS/>
		<PROJECT_HOURS/>
	</item>
	<item>
		<_id>
			<key name="$oid">6113306469f35f25f0d12846</key>
		</_id>
		<E_FNAME>'Jill'</E_FNAME>
		<E_LNAME> 'Jarvis'</E_LNAME>
		<DEPARTMENT_DETAILS>
			<item>
				<DNAME>'HR'</DNAME>
			</item>
		</DEPARTMENT_DETAILS>
		<PROJECT_DETAILS>
			<item>
				<PNAME>'Advertizing'</PNAME>
				<PNUM>70</PNUM>
			</item>
			<item>
				<PNAME>'Human1'</PNAME>
				<PNUM>95</PNUM>
			</item>
		</PROJECT_DETAILS>
		<PROJECT_HOURS/>
	</item>
	<item>
		<_id>
			<key name="$oid">6113306469f35f25f0d12847</key>
		</_id>
		<E_FNAME>'Kate'</E_FNAME>
		<E_LNAME> 'King'</E_LNAME>
		<DEPARTMENT_DETAILS>
			<item>
				<DNAME>'Sales'</DNAME>
			</item>
		</DEPARTMENT_DETAILS>
		<PROJECT_DETAILS/>
		<PROJECT_HOURS/>
	</item>
	<item>
		<_id>
			<key name="$oid">6113306469f35f25f0d12848</key>
		</_id>
		<E_FNAME>'Lyle'</E_FNAME>
		<E_LNAME> 'Leslie'</E_LNAME>
		<DEPARTMENT_DETAILS>
			<item>
				<DNAME>'Sales'</DNAME>
			</item>
		</DEPARTMENT_DETAILS>
		<PROJECT_DETAILS/>
		<PROJECT_HOURS/>
	</item>
	<item>
		<_id>
			<key name="$oid">6113306469f35f25f0d12849</key>
		</_id>
		<E_FNAME>'Billie'</E_FNAME>
		<E_LNAME> 'King'</E_LNAME>
		<DEPARTMENT_DETAILS>
			<item>
				<DNAME>'Sales'</DNAME>
			</item>
		</DEPARTMENT_DETAILS>
		<PROJECT_DETAILS/>
		<PROJECT_HOURS/>
	</item>
	<item>
		<_id>
			<key name="$oid">6113306469f35f25f0d1284a</key>
		</_id>
		<E_FNAME>'Megan'</E_FNAME>
		<E_LNAME> 'Jones'</E_LNAME>
		<DEPARTMENT_DETAILS>
			<item>
				<DNAME>'Sales'</DNAME>
			</item>
		</DEPARTMENT_DETAILS>
		<PROJECT_DETAILS/>
		<PROJECT_HOURS/>
	</item>
	<item>
		<_id>
			<key name="$oid">6113306469f35f25f0d1284b</key>
		</_id>
		<E_FNAME>'Jon'</E_FNAME>
		<E_LNAME> 'Kramer'</E_LNAME>
		<DEPARTMENT_DETAILS>
			<item>
				<DNAME>'Sales'</DNAME>
			</item>
		</DEPARTMENT_DETAILS>
		<PROJECT_DETAILS/>
		<PROJECT_HOURS/>
	</item>
	<item>
		<_id>
			<key name="$oid">6113306469f35f25f0d1284c</key>
		</_id>
		<E_FNAME>'Ray'</E_FNAME>
		<E_LNAME> 'King'</E_LNAME>
		<DEPARTMENT_DETAILS>
			<item>
				<DNAME>'HR'</DNAME>
			</item>
		</DEPARTMENT_DETAILS>
		<PROJECT_DETAILS>
			<item>
				<PNAME>'Advertizing'</PNAME>
				<PNUM>70</PNUM>
			</item>
			<item>
				<PNAME>'Human1'</PNAME>
				<PNUM>95</PNUM>
			</item>
		</PROJECT_DETAILS>
		<PROJECT_HOURS/>
	</item>
	<item>
		<_id>
			<key name="$oid">6113306469f35f25f0d1284d</key>
		</_id>
		<E_FNAME>'Gerald'</E_FNAME>
		<E_LNAME> 'Small'</E_LNAME>
		<DEPARTMENT_DETAILS>
			<item>
				<DNAME>'Sales'</DNAME>
			</item>
		</DEPARTMENT_DETAILS>
		<PROJECT_DETAILS/>
		<PROJECT_HOURS/>
	</item>
	<item>
		<_id>
			<key name="$oid">6113306469f35f25f0d1284e</key>
		</_id>
		<E_FNAME>'Arnold'</E_FNAME>
		<E_LNAME> 'Head'</E_LNAME>
		<DEPARTMENT_DETAILS>
			<item>
				<DNAME>'Sales'</DNAME>
			</item>
		</DEPARTMENT_DETAILS>
		<PROJECT_DETAILS/>
		<PROJECT_HOURS/>
	</item>
	<item>
		<_id>
			<key name="$oid">6113306469f35f25f0d1284f</key>
		</_id>
		<E_FNAME>'Helga'</E_FNAME>
		<E_LNAME> 'Pataki'</E_LNAME>
		<DEPARTMENT_DETAILS>
			<item>
				<DNAME>'Sales'</DNAME>
			</item>
		</DEPARTMENT_DETAILS>
		<PROJECT_DETAILS/>
		<PROJECT_HOURS/>
	</item>
	<item>
		<_id>
			<key name="$oid">6113306469f35f25f0d12850</key>
		</_id>
		<E_FNAME>'Naveen'</E_FNAME>
		<E_LNAME> 'Drew'</E_LNAME>
		<DEPARTMENT_DETAILS>
			<item>
				<DNAME>'Sales'</DNAME>
			</item>
		</DEPARTMENT_DETAILS>
		<PROJECT_DETAILS/>
		<PROJECT_HOURS/>
	</item>
	<item>
		<_id>
			<key name="$oid">6113306469f35f25f0d12851</key>
		</_id>
		<E_FNAME>'Carl'</E_FNAME>
		<E_LNAME> 'Reedy'</E_LNAME>
		<DEPARTMENT_DETAILS>
			<item>
				<DNAME>'Sales'</DNAME>
			</item>
		</DEPARTMENT_DETAILS>
		<PROJECT_DETAILS/>
		<PROJECT_HOURS/>
	</item>
	<item>
		<_id>
			<key name="$oid">6113306469f35f25f0d12852</key>
		</_id>
		<E_FNAME>'Sammy'</E_FNAME>
		<E_LNAME> 'Hall'</E_LNAME>
		<DEPARTMENT_DETAILS>
			<item>
				<DNAME>'Sales'</DNAME>
			</item>
		</DEPARTMENT_DETAILS>
		<PROJECT_DETAILS/>
		<PROJECT_HOURS/>
	</item>
	<item>
		<_id>
			<key name="$oid">6113306469f35f25f0d12853</key>
		</_id>
		<E_FNAME>'Red'</E_FNAME>
		<E_LNAME> 'Bacher'</E_LNAME>
		<DEPARTMENT_DETAILS>
			<item>
				<DNAME>'Sales'</DNAME>
			</item>
		</DEPARTMENT_DETAILS>
		<PROJECT_DETAILS/>
		<PROJECT_HOURS/>
	</item>
	<item>
		<_id>
			<key name="$oid">6113306469f35f25f0d12854</key>
		</_id>
		<E_FNAME>'Roy'</E_FNAME>
		<E_LNAME> 'Lewallen'</E_LNAME>
		<DEPARTMENT_DETAILS>
			<item>
				<DNAME>'Sales'</DNAME>
			</item>
		</DEPARTMENT_DETAILS>
		<PROJECT_DETAILS/>
		<PROJECT_HOURS/>
	</item>
	<item>
		<_id>
			<key name="$oid">6113306469f35f25f0d12855</key>
		</_id>
		<E_FNAME>'John'</E_FNAME>
		<E_LNAME> 'Ed'</E_LNAME>
		<DEPARTMENT_DETAILS>
			<item>
				<DNAME>'Software'</DNAME>
			</item>
		</DEPARTMENT_DETAILS>
		<PROJECT_DETAILS>
			<item>
				<PNAME>'OperatingSystem'</PNAME>
				<PNUM>61</PNUM>
			</item>
			<item>
				<PNAME>'DatabaseSystems'</PNAME>
				<PNUM>62</PNUM>
			</item>
			<item>
				<PNAME>'Middleware'</PNAME>
				<PNUM>63</PNUM>
			</item>
			<item>
				<PNAME>'SearchEngine'</PNAME>
				<PNUM>22</PNUM>
			</item>
			<item>
				<PNAME>'ConfigMgmt'</PNAME>
				<PNUM>11</PNUM>
			</item>
			<item>
				<PNAME>'DataMining'</PNAME>
				<PNUM>13</PNUM>
			</item>
		</PROJECT_DETAILS>
		<PROJECT_HOURS/>
	</item>
	<item>
		<_id>
			<key name="$oid">6113306469f35f25f0d12856</key>
		</_id>
		<E_FNAME>'Jennifer'</E_FNAME>
		<E_LNAME> 'Joy'</E_LNAME>
		<DEPARTMENT_DETAILS>
			<item>
				<DNAME>'Sales'</DNAME>
			</item>
		</DEPARTMENT_DETAILS>
		<PROJECT_DETAILS/>
		<PROJECT_HOURS/>
	</item>
	<item>
		<_id>
			<key name="$oid">6113306469f35f25f0d12857</key>
		</_id>
		<E_FNAME>'Kim'</E_FNAME>
		<E_LNAME> 'Ted'</E_LNAME>
		<DEPARTMENT_DETAILS>
			<item>
				<DNAME>'HR'</DNAME>
			</item>
		</DEPARTMENT_DETAILS>
		<PROJECT_DETAILS>
			<item>
				<PNAME>'Advertizing'</PNAME>
				<PNUM>70</PNUM>
			</item>
			<item>
				<PNAME>'Human1'</PNAME>
				<PNUM>95</PNUM>
			</item>
		</PROJECT_DETAILS>
		<PROJECT_HOURS/>
	</item>
	<item>
		<_id>
			<key name="$oid">6113306469f35f25f0d12858</key>
		</_id>
		<E_FNAME>'Juan'</E_FNAME>
		<E_LNAME> 'Linda'</E_LNAME>
		<DEPARTMENT_DETAILS>
			<item>
				<DNAME>'HR'</DNAME>
			</item>
		</DEPARTMENT_DETAILS>
		<PROJECT_DETAILS>
			<item>
				<PNAME>'Advertizing'</PNAME>
				<PNUM>70</PNUM>
			</item>
			<item>
				<PNAME>'Human1'</PNAME>
				<PNUM>95</PNUM>
			</item>
		</PROJECT_DETAILS>
		<PROJECT_HOURS/>
	</item>
	<item>
		<_id>
			<key name="$oid">6113306469f35f25f0d12859</key>
		</_id>
		<E_FNAME>'Jose'</E_FNAME>
		<E_LNAME> 'Barbara'</E_LNAME>
		<DEPARTMENT_DETAILS>
			<item>
				<DNAME>'Software'</DNAME>
			</item>
		</DEPARTMENT_DETAILS>
		<PROJECT_DETAILS>
			<item>
				<PNAME>'OperatingSystem'</PNAME>
				<PNUM>61</PNUM>
			</item>
			<item>
				<PNAME>'DatabaseSystems'</PNAME>
				<PNUM>62</PNUM>
			</item>
			<item>
				<PNAME>'Middleware'</PNAME>
				<PNUM>63</PNUM>
			</item>
			<item>
				<PNAME>'SearchEngine'</PNAME>
				<PNUM>22</PNUM>
			</item>
			<item>
				<PNAME>'ConfigMgmt'</PNAME>
				<PNUM>11</PNUM>
			</item>
			<item>
				<PNAME>'DataMining'</PNAME>
				<PNUM>13</PNUM>
			</item>
		</PROJECT_DETAILS>
		<PROJECT_HOURS/>
	</item>
	<item>
		<_id>
			<key name="$oid">6113306469f35f25f0d1285a</key>
		</_id>
		<E_FNAME>'willie'</E_FNAME>
		<E_LNAME> 'Mary'</E_LNAME>
		<DEPARTMENT_DETAILS>
			<item>
				<DNAME>'HR'</DNAME>
			</item>
		</DEPARTMENT_DETAILS>
		<PROJECT_DETAILS>
			<item>
				<PNAME>'Advertizing'</PNAME>
				<PNUM>70</PNUM>
			</item>
			<item>
				<PNAME>'Human1'</PNAME>
				<PNUM>95</PNUM>
			</item>
		</PROJECT_DETAILS>
		<PROJECT_HOURS/>
	</item>
	<item>
		<_id>
			<key name="$oid">6113306469f35f25f0d1285b</key>
		</_id>
		<E_FNAME>'Erin'</E_FNAME>
		<E_LNAME> 'Maxfield'</E_LNAME>
		<DEPARTMENT_DETAILS>
			<item>
				<DNAME>'Sales'</DNAME>
			</item>
		</DEPARTMENT_DETAILS>
		<PROJECT_DETAILS/>
		<PROJECT_HOURS/>
	</item>
	<item>
		<_id>
			<key name="$oid">6113306469f35f25f0d1285c</key>
		</_id>
		<E_FNAME>'Johny'</E_FNAME>
		<E_LNAME> 'Smith'</E_LNAME>
		<DEPARTMENT_DETAILS>
			<item>
				<DNAME>'HR'</DNAME>
			</item>
		</DEPARTMENT_DETAILS>
		<PROJECT_DETAILS>
			<item>
				<PNAME>'Advertizing'</PNAME>
				<PNUM>70</PNUM>
			</item>
			<item>
				<PNAME>'Human1'</PNAME>
				<PNUM>95</PNUM>
			</item>
		</PROJECT_DETAILS>
		<PROJECT_HOURS/>
	</item>
	<item>
		<_id>
			<key name="$oid">6113306469f35f25f0d1285d</key>
		</_id>
		<E_FNAME>'Sunil'</E_FNAME>
		<E_LNAME> 'Gupta'</E_LNAME>
		<DEPARTMENT_DETAILS>
			<item>
				<DNAME>'Networking'</DNAME>
			</item>
		</DEPARTMENT_DETAILS>
		<PROJECT_DETAILS/>
		<PROJECT_HOURS/>
	</item>
	<item>
		<_id>
			<key name="$oid">6113306469f35f25f0d1285e</key>
		</_id>
		<E_FNAME>'Penny'</E_FNAME>
		<E_LNAME> 'Wolowitz'</E_LNAME>
		<DEPARTMENT_DETAILS>
			<item>
				<DNAME>'Software'</DNAME>
			</item>
		</DEPARTMENT_DETAILS>
		<PROJECT_DETAILS>
			<item>
				<PNAME>'OperatingSystem'</PNAME>
				<PNUM>61</PNUM>
			</item>
			<item>
				<PNAME>'DatabaseSystems'</PNAME>
				<PNUM>62</PNUM>
			</item>
			<item>
				<PNAME>'Middleware'</PNAME>
				<PNUM>63</PNUM>
			</item>
			<item>
				<PNAME>'SearchEngine'</PNAME>
				<PNUM>22</PNUM>
			</item>
			<item>
				<PNAME>'ConfigMgmt'</PNAME>
				<PNUM>11</PNUM>
			</item>
			<item>
				<PNAME>'DataMining'</PNAME>
				<PNUM>13</PNUM>
			</item>
		</PROJECT_DETAILS>
		<PROJECT_HOURS/>
	</item>
	<item>
		<_id>
			<key name="$oid">6113306469f35f25f0d1285f</key>
		</_id>
		<E_FNAME>'Michael'</E_FNAME>
		<E_LNAME> 'Morgan'</E_LNAME>
		<DEPARTMENT_DETAILS>
			<item>
				<DNAME>'Research'</DNAME>
			</item>
		</DEPARTMENT_DETAILS>
		<PROJECT_DETAILS>
			<item>
				<PNAME>'ProductX'</PNAME>
				<PNUM>1</PNUM>
			</item>
			<item>
				<PNAME>'ProductY'</PNAME>
				<PNUM>2</PNUM>
			</item>
			<item>
				<PNAME>'ProductZ'</PNAME>
				<PNUM>3</PNUM>
			</item>
			<item>
				<PNAME>'EntityAnnot'</PNAME>
				<PNUM>4</PNUM>
			</item>
		</PROJECT_DETAILS>
		<PROJECT_HOURS/>
	</item>
	<item>
		<_id>
			<key name="$oid">6113306469f35f25f0d12860</key>
		</_id>
		<E_FNAME>'Sheldon'</E_FNAME>
		<E_LNAME> 'Cucuou'</E_LNAME>
		<DEPARTMENT_DETAILS>
			<item>
				<DNAME>'Sales'</DNAME>
			</item>
		</DEPARTMENT_DETAILS>
		<PROJECT_DETAILS/>
		<PROJECT_HOURS/>
	</item>
	<item>
		<_id>
			<key name="$oid">6113306469f35f25f0d12861</key>
		</_id>
		<E_FNAME>'Debra'</E_FNAME>
		<E_LNAME> 'Hall'</E_LNAME>
		<DEPARTMENT_DETAILS>
			<item>
				<DNAME>'Software'</DNAME>
			</item>
		</DEPARTMENT_DETAILS>
		<PROJECT_DETAILS>
			<item>
				<PNAME>'OperatingSystem'</PNAME>
				<PNUM>61</PNUM>
			</item>
			<item>
				<PNAME>'DatabaseSystems'</PNAME>
				<PNUM>62</PNUM>
			</item>
			<item>
				<PNAME>'Middleware'</PNAME>
				<PNUM>63</PNUM>
			</item>
			<item>
				<PNAME>'SearchEngine'</PNAME>
				<PNUM>22</PNUM>
			</item>
			<item>
				<PNAME>'ConfigMgmt'</PNAME>
				<PNUM>11</PNUM>
			</item>
			<item>
				<PNAME>'DataMining'</PNAME>
				<PNUM>13</PNUM>
			</item>
		</PROJECT_DETAILS>
		<PROJECT_HOURS/>
	</item>
	<item>
		<_id>
			<key name="$oid">6113306469f35f25f0d12862</key>
		</_id>
		<E_FNAME>'Jisha'</E_FNAME>
		<E_LNAME> 'Carpenter'</E_LNAME>
		<DEPARTMENT_DETAILS>
			<item>
				<DNAME>'Headquarters'</DNAME>
			</item>
		</DEPARTMENT_DETAILS>
		<PROJECT_DETAILS>
			<item>
				<PNAME>'Reorganization'</PNAME>
				<PNUM>20</PNUM>
			</item>
		</PROJECT_DETAILS>
		<PROJECT_HOURS/>
	</item>
	<item>
		<_id>
			<key name="$oid">6113306469f35f25f0d12863</key>
		</_id>
		<E_FNAME>'Gregory'</E_FNAME>
		<E_LNAME> 'Laurie'</E_LNAME>
		<DEPARTMENT_DETAILS>
			<item>
				<DNAME>'Hardware'</DNAME>
			</item>
		</DEPARTMENT_DETAILS>
		<PROJECT_DETAILS>
			<item>
				<PNAME>'InkjetPrinters'</PNAME>
				<PNUM>91</PNUM>
			</item>
			<item>
				<PNAME>'LaserPrinters'</PNAME>
				<PNUM>92</PNUM>
			</item>
			<item>
				<PNAME>'MotherBoard'</PNAME>
				<PNUM>29</PNUM>
			</item>
		</PROJECT_DETAILS>
		<PROJECT_HOURS/>
	</item>
	<item>
		<_id>
			<key name="$oid">6113306469f35f25f0d12864</key>
		</_id>
		<E_FNAME>'Lisa'</E_FNAME>
		<E_LNAME> 'House'</E_LNAME>
		<DEPARTMENT_DETAILS>
			<item>
				<DNAME>'Hardware'</DNAME>
			</item>
		</DEPARTMENT_DETAILS>
		<PROJECT_DETAILS>
			<item>
				<PNAME>'InkjetPrinters'</PNAME>
				<PNUM>91</PNUM>
			</item>
			<item>
				<PNAME>'LaserPrinters'</PNAME>
				<PNUM>92</PNUM>
			</item>
			<item>
				<PNAME>'MotherBoard'</PNAME>
				<PNUM>29</PNUM>
			</item>
		</PROJECT_DETAILS>
		<PROJECT_HOURS/>
	</item>
	<item>
		<_id>
			<key name="$oid">6113306469f35f25f0d12865</key>
		</_id>
		<E_FNAME>'Leonard'</E_FNAME>
		<E_LNAME> 'Moody'</E_LNAME>
		<DEPARTMENT_DETAILS>
			<item>
				<DNAME>'Hardware'</DNAME>
			</item>
		</DEPARTMENT_DETAILS>
		<PROJECT_DETAILS>
			<item>
				<PNAME>'InkjetPrinters'</PNAME>
				<PNUM>91</PNUM>
			</item>
			<item>
				<PNAME>'LaserPrinters'</PNAME>
				<PNUM>92</PNUM>
			</item>
			<item>
				<PNAME>'MotherBoard'</PNAME>
				<PNUM>29</PNUM>
			</item>
		</PROJECT_DETAILS>
		<PROJECT_HOURS/>
	</item>
	<item>
		<_id>
			<key name="$oid">6113306469f35f25f0d12866</key>
		</_id>
		<E_FNAME>'Jake'</E_FNAME>
		<E_LNAME> 'Sheen'</E_LNAME>
		<DEPARTMENT_DETAILS>
			<item>
				<DNAME>'Software'</DNAME>
			</item>
		</DEPARTMENT_DETAILS>
		<PROJECT_DETAILS>
			<item>
				<PNAME>'OperatingSystem'</PNAME>
				<PNUM>61</PNUM>
			</item>
			<item>
				<PNAME>'DatabaseSystems'</PNAME>
				<PNUM>62</PNUM>
			</item>
			<item>
				<PNAME>'Middleware'</PNAME>
				<PNUM>63</PNUM>
			</item>
			<item>
				<PNAME>'SearchEngine'</PNAME>
				<PNUM>22</PNUM>
			</item>
			<item>
				<PNAME>'ConfigMgmt'</PNAME>
				<PNUM>11</PNUM>
			</item>
			<item>
				<PNAME>'DataMining'</PNAME>
				<PNUM>13</PNUM>
			</item>
		</PROJECT_DETAILS>
		<PROJECT_HOURS/>
	</item>
	<item>
		<_id>
			<key name="$oid">6113306469f35f25f0d12867</key>
		</_id>
		<E_FNAME>'Wilson'</E_FNAME>
		<E_LNAME> 'Holmes'</E_LNAME>
		<DEPARTMENT_DETAILS>
			<item>
				<DNAME>Administration'</DNAME>
			</item>
		</DEPARTMENT_DETAILS>
		<PROJECT_DETAILS>
			<item>
				<PNAME>'Computerization'</PNAME>
				<PNUM>10</PNUM>
			</item>
			<item>
				<PNAME>'Newbenefits'</PNAME>
				<PNUM>30</PNUM>
			</item>
		</PROJECT_DETAILS>
		<PROJECT_HOURS/>
	</item>
	<item>
		<_id>
			<key name="$oid">6113306469f35f25f0d12868</key>
		</_id>
		<E_FNAME>'Cameron'</E_FNAME>
		<E_LNAME> 'Thirteen'</E_LNAME>
		<DEPARTMENT_DETAILS>
			<item>
				<DNAME>Administration'</DNAME>
			</item>
		</DEPARTMENT_DETAILS>
		<PROJECT_DETAILS>
			<item>
				<PNAME>'Computerization'</PNAME>
				<PNUM>10</PNUM>
			</item>
			<item>
				<PNAME>'Newbenefits'</PNAME>
				<PNUM>30</PNUM>
			</item>
		</PROJECT_DETAILS>
		<PROJECT_HOURS/>
	</item>
	<item>
		<_id>
			<key name="$oid">6113306469f35f25f0d12869</key>
		</_id>
		<E_FNAME>'Joseph'</E_FNAME>
		<E_LNAME> 'Kirkish'</E_LNAME>
		<DEPARTMENT_DETAILS>
			<item>
				<DNAME>'Hardware'</DNAME>
			</item>
		</DEPARTMENT_DETAILS>
		<PROJECT_DETAILS>
			<item>
				<PNAME>'InkjetPrinters'</PNAME>
				<PNUM>91</PNUM>
			</item>
			<item>
				<PNAME>'LaserPrinters'</PNAME>
				<PNUM>92</PNUM>
			</item>
			<item>
				<PNAME>'MotherBoard'</PNAME>
				<PNUM>29</PNUM>
			</item>
		</PROJECT_DETAILS>
		<PROJECT_HOURS/>
	</item>
	<item>
		<_id>
			<key name="$oid">6113306469f35f25f0d1286a</key>
		</_id>
		<E_FNAME>'Andrea'</E_FNAME>
		<E_LNAME> 'Sondrini'</E_LNAME>
		<DEPARTMENT_DETAILS>
			<item>
				<DNAME>'Research'</DNAME>
			</item>
		</DEPARTMENT_DETAILS>
		<PROJECT_DETAILS>
			<item>
				<PNAME>'ProductX'</PNAME>
				<PNUM>1</PNUM>
			</item>
			<item>
				<PNAME>'ProductY'</PNAME>
				<PNUM>2</PNUM>
			</item>
			<item>
				<PNAME>'ProductZ'</PNAME>
				<PNUM>3</PNUM>
			</item>
			<item>
				<PNAME>'EntityAnnot'</PNAME>
				<PNUM>4</PNUM>
			</item>
		</PROJECT_DETAILS>
		<PROJECT_HOURS/>
	</item>
	<item>
		<_id>
			<key name="$oid">6113306469f35f25f0d1286b</key>
		</_id>
		<E_FNAME>'Cindy'</E_FNAME>
		<E_LNAME> 'Burklow'</E_LNAME>
		<DEPARTMENT_DETAILS>
			<item>
				<DNAME>'Software'</DNAME>
			</item>
		</DEPARTMENT_DETAILS>
		<PROJECT_DETAILS>
			<item>
				<PNAME>'OperatingSystem'</PNAME>
				<PNUM>61</PNUM>
			</item>
			<item>
				<PNAME>'DatabaseSystems'</PNAME>
				<PNUM>62</PNUM>
			</item>
			<item>
				<PNAME>'Middleware'</PNAME>
				<PNUM>63</PNUM>
			</item>
			<item>
				<PNAME>'SearchEngine'</PNAME>
				<PNUM>22</PNUM>
			</item>
			<item>
				<PNAME>'ConfigMgmt'</PNAME>
				<PNUM>11</PNUM>
			</item>
			<item>
				<PNAME>'DataMining'</PNAME>
				<PNUM>13</PNUM>
			</item>
		</PROJECT_DETAILS>
		<PROJECT_HOURS/>
	</item>
	<item>
		<_id>
			<key name="$oid">6113306469f35f25f0d1286c</key>
		</_id>
		<E_FNAME>'Zach'</E_FNAME>
		<E_LNAME> 'Geller'</E_LNAME>
		<DEPARTMENT_DETAILS>
			<item>
				<DNAME>'Software'</DNAME>
			</item>
		</DEPARTMENT_DETAILS>
		<PROJECT_DETAILS>
			<item>
				<PNAME>'OperatingSystem'</PNAME>
				<PNUM>61</PNUM>
			</item>
			<item>
				<PNAME>'DatabaseSystems'</PNAME>
				<PNUM>62</PNUM>
			</item>
			<item>
				<PNAME>'Middleware'</PNAME>
				<PNUM>63</PNUM>
			</item>
			<item>
				<PNAME>'SearchEngine'</PNAME>
				<PNUM>22</PNUM>
			</item>
			<item>
				<PNAME>'ConfigMgmt'</PNAME>
				<PNUM>11</PNUM>
			</item>
			<item>
				<PNAME>'DataMining'</PNAME>
				<PNUM>13</PNUM>
			</item>
		</PROJECT_DETAILS>
		<PROJECT_HOURS/>
	</item>
	<item>
		<_id>
			<key name="$oid">6113306469f35f25f0d1286d</key>
		</_id>
		<E_FNAME>'Alex'</E_FNAME>
		<E_LNAME> 'Yu'</E_LNAME>
		<DEPARTMENT_DETAILS>
			<item>
				<DNAME>'Software'</DNAME>
			</item>
		</DEPARTMENT_DETAILS>
		<PROJECT_DETAILS>
			<item>
				<PNAME>'OperatingSystem'</PNAME>
				<PNUM>61</PNUM>
			</item>
			<item>
				<PNAME>'DatabaseSystems'</PNAME>
				<PNUM>62</PNUM>
			</item>
			<item>
				<PNAME>'Middleware'</PNAME>
				<PNUM>63</PNUM>
			</item>
			<item>
				<PNAME>'SearchEngine'</PNAME>
				<PNUM>22</PNUM>
			</item>
			<item>
				<PNAME>'ConfigMgmt'</PNAME>
				<PNUM>11</PNUM>
			</item>
			<item>
				<PNAME>'DataMining'</PNAME>
				<PNUM>13</PNUM>
			</item>
		</PROJECT_DETAILS>
		<PROJECT_HOURS/>
	</item>
	<item>
		<_id>
			<key name="$oid">6113306469f35f25f0d1286e</key>
		</_id>
		<E_FNAME>'Richard'</E_FNAME>
		<E_LNAME> 'Koelbel'</E_LNAME>
		<DEPARTMENT_DETAILS>
			<item>
				<DNAME>Administration'</DNAME>
			</item>
		</DEPARTMENT_DETAILS>
		<PROJECT_DETAILS>
			<item>
				<PNAME>'Computerization'</PNAME>
				<PNUM>10</PNUM>
			</item>
			<item>
				<PNAME>'Newbenefits'</PNAME>
				<PNUM>30</PNUM>
			</item>
		</PROJECT_DETAILS>
		<PROJECT_HOURS/>
	</item>
	<item>
		<_id>
			<key name="$oid">6113306469f35f25f0d1286f</key>
		</_id>
		<E_FNAME>'Christina'</E_FNAME>
		<E_LNAME> 'Hisel'</E_LNAME>
		<DEPARTMENT_DETAILS>
			<item>
				<DNAME>'Software'</DNAME>
			</item>
		</DEPARTMENT_DETAILS>
		<PROJECT_DETAILS>
			<item>
				<PNAME>'OperatingSystem'</PNAME>
				<PNUM>61</PNUM>
			</item>
			<item>
				<PNAME>'DatabaseSystems'</PNAME>
				<PNUM>62</PNUM>
			</item>
			<item>
				<PNAME>'Middleware'</PNAME>
				<PNUM>63</PNUM>
			</item>
			<item>
				<PNAME>'SearchEngine'</PNAME>
				<PNUM>22</PNUM>
			</item>
			<item>
				<PNAME>'ConfigMgmt'</PNAME>
				<PNUM>11</PNUM>
			</item>
			<item>
				<PNAME>'DataMining'</PNAME>
				<PNUM>13</PNUM>
			</item>
		</PROJECT_DETAILS>
		<PROJECT_HOURS/>
	</item>
	<item>
		<_id>
			<key name="$oid">6113306469f35f25f0d12870</key>
		</_id>
		<E_FNAME>'Percy'</E_FNAME>
		<E_LNAME> 'Liang'</E_LNAME>
		<DEPARTMENT_DETAILS>
			<item>
				<DNAME>'HR'</DNAME>
			</item>
		</DEPARTMENT_DETAILS>
		<PROJECT_DETAILS>
			<item>
				<PNAME>'Advertizing'</PNAME>
				<PNUM>70</PNUM>
			</item>
			<item>
				<PNAME>'Human1'</PNAME>
				<PNUM>95</PNUM>
			</item>
		</PROJECT_DETAILS>
		<PROJECT_HOURS/>
	</item>
	<item>
		<_id>
			<key name="$oid">6113306469f35f25f0d12871</key>
		</_id>
		<E_FNAME>'James'</E_FNAME>
		<E_LNAME> 'Miller'</E_LNAME>
		<DEPARTMENT_DETAILS>
			<item>
				<DNAME>'Research'</DNAME>
			</item>
		</DEPARTMENT_DETAILS>
		<PROJECT_DETAILS>
			<item>
				<PNAME>'ProductX'</PNAME>
				<PNUM>1</PNUM>
			</item>
			<item>
				<PNAME>'ProductY'</PNAME>
				<PNUM>2</PNUM>
			</item>
			<item>
				<PNAME>'ProductZ'</PNAME>
				<PNUM>3</PNUM>
			</item>
			<item>
				<PNAME>'EntityAnnot'</PNAME>
				<PNUM>4</PNUM>
			</item>
		</PROJECT_DETAILS>
		<PROJECT_HOURS/>
	</item>
</all>
