[
  {
    "_id": {
      "$oid": "6113307969f35f25f0d12874"
    },
    "PNAME": "'ProductX'",
    "PNUM": "1",
    "DEPARTMENT_DETAILS": [
      {
        "DNAME": "'Research'"
      }
    ],
    "EMPLOYEE_DETAILS": [
      {
        "E_FNAME": "'Franklin'",
        "E_LNAME": " 'Wong'"
      },
      {
        "E_FNAME": "'John'",
        "E_LNAME": " 'Smith'"
      },
      {
        "E_FNAME": "'Ramesh'",
        "E_LNAME": " 'Narayan'"
      },
      {
        "E_FNAME": "'Joyce'",
        "E_LNAME": " 'English'"
      },
      {
        "E_FNAME": "'Michael'",
        "E_LNAME": " 'Morgan'"
      },
      {
        "E_FNAME": "'Andrea'",
        "E_LNAME": " 'Sondrini'"
      },
      {
        "E_FNAME": "'James'",
        "E_LNAME": " 'Miller'"
      }
    ],
    "PROJECT_HOURS": [
      {
        "HOURS": "32.5"
      },
      {
        "HOURS": "20"
      },
      {
        "HOURS": "2"
      },
      {
        "HOURS": "25"
      }
    ]
  },
  {
    "_id": {
      "$oid": "6113307969f35f25f0d12875"
    },
    "PNAME": "'ProductY'",
    "PNUM": "2",
    "DEPARTMENT_DETAILS": [
      {
        "DNAME": "'Research'"
      }
    ],
    "EMPLOYEE_DETAILS": [
      {
        "E_FNAME": "'Franklin'",
        "E_LNAME": " 'Wong'"
      },
      {
        "E_FNAME": "'John'",
        "E_LNAME": " 'Smith'"
      },
      {
        "E_FNAME": "'Ramesh'",
        "E_LNAME": " 'Narayan'"
      },
      {
        "E_FNAME": "'Joyce'",
        "E_LNAME": " 'English'"
      },
      {
        "E_FNAME": "'Michael'",
        "E_LNAME": " 'Morgan'"
      },
      {
        "E_FNAME": "'Andrea'",
        "E_LNAME": " 'Sondrini'"
      },
      {
        "E_FNAME": "'James'",
        "E_LNAME": " 'Miller'"
      }
    ],
    "PROJECT_HOURS": [
      {
        "HOURS": "7.5"
      },
      {
        "HOURS": "20"
      },
      {
        "HOURS": "10"
      },
      {
        "HOURS": "2"
      }
    ]
  },
  {
    "_id": {
      "$oid": "6113307969f35f25f0d12876"
    },
    "PNAME": "'ProductZ'",
    "PNUM": "3",
    "DEPARTMENT_DETAILS": [
      {
        "DNAME": "'Research'"
      }
    ],
    "EMPLOYEE_DETAILS": [
      {
        "E_FNAME": "'Franklin'",
        "E_LNAME": " 'Wong'"
      },
      {
        "E_FNAME": "'John'",
        "E_LNAME": " 'Smith'"
      },
      {
        "E_FNAME": "'Ramesh'",
        "E_LNAME": " 'Narayan'"
      },
      {
        "E_FNAME": "'Joyce'",
        "E_LNAME": " 'English'"
      },
      {
        "E_FNAME": "'Michael'",
        "E_LNAME": " 'Morgan'"
      },
      {
        "E_FNAME": "'Andrea'",
        "E_LNAME": " 'Sondrini'"
      },
      {
        "E_FNAME": "'James'",
        "E_LNAME": " 'Miller'"
      }
    ],
    "PROJECT_HOURS": [
      {
        "HOURS": "40"
      },
      {
        "HOURS": "10"
      },
      {
        "HOURS": "4"
      },
      {
        "HOURS": "45"
      },
      {
        "HOURS": "10"
      }
    ]
  },
  {
    "_id": {
      "$oid": "6113307969f35f25f0d12877"
    },
    "PNAME": "'Computerization'",
    "PNUM": "10",
    "DEPARTMENT_DETAILS": [
      {
        "DNAME": "Administration'"
      }
    ],
    "EMPLOYEE_DETAILS": [
      {
        "E_FNAME": "'Jennifer'",
        "E_LNAME": " 'Wallace'"
      },
      {
        "E_FNAME": "'Alicia'",
        "E_LNAME": " 'Zelaya'"
      },
      {
        "E_FNAME": "'Ahmad'",
        "E_LNAME": " 'Jabbar'"
      },
      {
        "E_FNAME": "'Wilson'",
        "E_LNAME": " 'Holmes'"
      },
      {
        "E_FNAME": "'Cameron'",
        "E_LNAME": " 'Thirteen'"
      },
      {
        "E_FNAME": "'Richard'",
        "E_LNAME": " 'Koelbel'"
      }
    ],
    "PROJECT_HOURS": [
      {
        "HOURS": "10"
      },
      {
        "HOURS": "10"
      },
      {
        "HOURS": "35"
      },
      {
        "HOURS": "4"
      },
      {
        "HOURS": "25"
      },
      {
        "HOURS": "35"
      }
    ]
  },
  {
    "_id": {
      "$oid": "6113307969f35f25f0d12878"
    },
    "PNAME": "'Reorganization'",
    "PNUM": "20",
    "DEPARTMENT_DETAILS": [
      {
        "DNAME": "'Headquarters'"
      }
    ],
    "EMPLOYEE_DETAILS": [
      {
        "E_FNAME": "'James'",
        "E_LNAME": " 'Borg'"
      },
      {
        "E_FNAME": "'Jisha'",
        "E_LNAME": " 'Carpenter'"
      }
    ],
    "PROJECT_HOURS": [
      {
        "HOURS": "10"
      },
      {
        "HOURS": "15"
      },
      {
        "HOURS": "5"
      },
      {
        "HOURS": "4"
      },
      {
        "HOURS": "10"
      }
    ]
  },
  {
    "_id": {
      "$oid": "6113307969f35f25f0d12879"
    },
    "PNAME": "'Newbenefits'",
    "PNUM": "30",
    "DEPARTMENT_DETAILS": [
      {
        "DNAME": "Administration'"
      }
    ],
    "EMPLOYEE_DETAILS": [
      {
        "E_FNAME": "'Jennifer'",
        "E_LNAME": " 'Wallace'"
      },
      {
        "E_FNAME": "'Alicia'",
        "E_LNAME": " 'Zelaya'"
      },
      {
        "E_FNAME": "'Ahmad'",
        "E_LNAME": " 'Jabbar'"
      },
      {
        "E_FNAME": "'Wilson'",
        "E_LNAME": " 'Holmes'"
      },
      {
        "E_FNAME": "'Cameron'",
        "E_LNAME": " 'Thirteen'"
      },
      {
        "E_FNAME": "'Richard'",
        "E_LNAME": " 'Koelbel'"
      }
    ],
    "PROJECT_HOURS": [
      {
        "HOURS": "30"
      },
      {
        "HOURS": "5"
      },
      {
        "HOURS": "20"
      },
      {
        "HOURS": "4"
      },
      {
        "HOURS": "25"
      }
    ]
  },
  {
    "_id": {
      "$oid": "6113307969f35f25f0d1287a"
    },
    "PNAME": "'OperatingSystem'",
    "PNUM": "61",
    "DEPARTMENT_DETAILS": [
      {
        "DNAME": "'Software'"
      }
    ],
    "EMPLOYEE_DETAILS": [
      {
        "E_FNAME": "'Jared'",
        "E_LNAME": " 'James'"
      },
      {
        "E_FNAME": "'Jon'",
        "E_LNAME": " 'Jones'"
      },
      {
        "E_FNAME": "'Justin'",
        "E_LNAME": " 'Mark'"
      },
      {
        "E_FNAME": "'Brad'",
        "E_LNAME": " 'Knight'"
      },
      {
        "E_FNAME": "'Kim'",
        "E_LNAME": " 'Grace'"
      },
      {
        "E_FNAME": "'Jeff'",
        "E_LNAME": " 'Chase'"
      },
      {
        "E_FNAME": "'Nandita'",
        "E_LNAME": " 'Ball'"
      },
      {
        "E_FNAME": "'John'",
        "E_LNAME": " 'Ed'"
      },
      {
        "E_FNAME": "'Jose'",
        "E_LNAME": " 'Barbara'"
      },
      {
        "E_FNAME": "'Penny'",
        "E_LNAME": " 'Wolowitz'"
      },
      {
        "E_FNAME": "'Debra'",
        "E_LNAME": " 'Hall'"
      },
      {
        "E_FNAME": "'Jake'",
        "E_LNAME": " 'Sheen'"
      },
      {
        "E_FNAME": "'Cindy'",
        "E_LNAME": " 'Burklow'"
      },
      {
        "E_FNAME": "'Zach'",
        "E_LNAME": " 'Geller'"
      },
      {
        "E_FNAME": "'Alex'",
        "E_LNAME": " 'Yu'"
      },
      {
        "E_FNAME": "'Christina'",
        "E_LNAME": " 'Hisel'"
      }
    ],
    "PROJECT_HOURS": [
      {
        "HOURS": "40"
      },
      {
        "HOURS": "40"
      },
      {
        "HOURS": "40"
      },
      {
        "HOURS": "40"
      },
      {
        "HOURS": "40"
      },
      {
        "HOURS": "40"
      },
      {
        "HOURS": "40"
      },
      {
        "HOURS": "40"
      },
      {
        "HOURS": "30"
      },
      {
        "HOURS": "4"
      },
      {
        "HOURS": "4"
      }
    ]
  },
  {
    "_id": {
      "$oid": "6113307969f35f25f0d1287b"
    },
    "PNAME": "'DatabaseSystems'",
    "PNUM": "62",
    "DEPARTMENT_DETAILS": [
      {
        "DNAME": "'Software'"
      }
    ],
    "EMPLOYEE_DETAILS": [
      {
        "E_FNAME": "'Jared'",
        "E_LNAME": " 'James'"
      },
      {
        "E_FNAME": "'Jon'",
        "E_LNAME": " 'Jones'"
      },
      {
        "E_FNAME": "'Justin'",
        "E_LNAME": " 'Mark'"
      },
      {
        "E_FNAME": "'Brad'",
        "E_LNAME": " 'Knight'"
      },
      {
        "E_FNAME": "'Kim'",
        "E_LNAME": " 'Grace'"
      },
      {
        "E_FNAME": "'Jeff'",
        "E_LNAME": " 'Chase'"
      },
      {
        "E_FNAME": "'Nandita'",
        "E_LNAME": " 'Ball'"
      },
      {
        "E_FNAME": "'John'",
        "E_LNAME": " 'Ed'"
      },
      {
        "E_FNAME": "'Jose'",
        "E_LNAME": " 'Barbara'"
      },
      {
        "E_FNAME": "'Penny'",
        "E_LNAME": " 'Wolowitz'"
      },
      {
        "E_FNAME": "'Debra'",
        "E_LNAME": " 'Hall'"
      },
      {
        "E_FNAME": "'Jake'",
        "E_LNAME": " 'Sheen'"
      },
      {
        "E_FNAME": "'Cindy'",
        "E_LNAME": " 'Burklow'"
      },
      {
        "E_FNAME": "'Zach'",
        "E_LNAME": " 'Geller'"
      },
      {
        "E_FNAME": "'Alex'",
        "E_LNAME": " 'Yu'"
      },
      {
        "E_FNAME": "'Christina'",
        "E_LNAME": " 'Hisel'"
      }
    ],
    "PROJECT_HOURS": [
      {
        "HOURS": "20"
      },
      {
        "HOURS": "40"
      },
      {
        "HOURS": "48"
      },
      {
        "HOURS": "40"
      },
      {
        "HOURS": "40"
      },
      {
        "HOURS": "40"
      },
      {
        "HOURS": "40"
      },
      {
        "HOURS": "40"
      },
      {
        "HOURS": "10"
      },
      {
        "HOURS": "4"
      },
      {
        "HOURS": "25"
      }
    ]
  },
  {
    "_id": {
      "$oid": "6113307969f35f25f0d1287c"
    },
    "PNAME": "'Middleware'",
    "PNUM": "63",
    "DEPARTMENT_DETAILS": [
      {
        "DNAME": "'Software'"
      }
    ],
    "EMPLOYEE_DETAILS": [
      {
        "E_FNAME": "'Jared'",
        "E_LNAME": " 'James'"
      },
      {
        "E_FNAME": "'Jon'",
        "E_LNAME": " 'Jones'"
      },
      {
        "E_FNAME": "'Justin'",
        "E_LNAME": " 'Mark'"
      },
      {
        "E_FNAME": "'Brad'",
        "E_LNAME": " 'Knight'"
      },
      {
        "E_FNAME": "'Kim'",
        "E_LNAME": " 'Grace'"
      },
      {
        "E_FNAME": "'Jeff'",
        "E_LNAME": " 'Chase'"
      },
      {
        "E_FNAME": "'Nandita'",
        "E_LNAME": " 'Ball'"
      },
      {
        "E_FNAME": "'John'",
        "E_LNAME": " 'Ed'"
      },
      {
        "E_FNAME": "'Jose'",
        "E_LNAME": " 'Barbara'"
      },
      {
        "E_FNAME": "'Penny'",
        "E_LNAME": " 'Wolowitz'"
      },
      {
        "E_FNAME": "'Debra'",
        "E_LNAME": " 'Hall'"
      },
      {
        "E_FNAME": "'Jake'",
        "E_LNAME": " 'Sheen'"
      },
      {
        "E_FNAME": "'Cindy'",
        "E_LNAME": " 'Burklow'"
      },
      {
        "E_FNAME": "'Zach'",
        "E_LNAME": " 'Geller'"
      },
      {
        "E_FNAME": "'Alex'",
        "E_LNAME": " 'Yu'"
      },
      {
        "E_FNAME": "'Christina'",
        "E_LNAME": " 'Hisel'"
      }
    ],
    "PROJECT_HOURS": [
      {
        "HOURS": "40"
      },
      {
        "HOURS": "46"
      },
      {
        "HOURS": "40"
      },
      {
        "HOURS": "10"
      },
      {
        "HOURS": "4"
      },
      {
        "HOURS": "20"
      },
      {
        "HOURS": "40"
      },
      {
        "HOURS": "25"
      },
      {
        "HOURS": "25"
      }
    ]
  },
  {
    "_id": {
      "$oid": "6113307969f35f25f0d1287d"
    },
    "PNAME": "'Advertizing'",
    "PNUM": "70",
    "DEPARTMENT_DETAILS": [
      {
        "DNAME": "'HR'"
      }
    ],
    "EMPLOYEE_DETAILS": [
      {
        "E_FNAME": "'Jill'",
        "E_LNAME": " 'Jarvis'"
      },
      {
        "E_FNAME": "'Ray'",
        "E_LNAME": " 'King'"
      },
      {
        "E_FNAME": "'Kim'",
        "E_LNAME": " 'Ted'"
      },
      {
        "E_FNAME": "'Juan'",
        "E_LNAME": " 'Linda'"
      },
      {
        "E_FNAME": "'willie'",
        "E_LNAME": " 'Mary'"
      },
      {
        "E_FNAME": "'Johny'",
        "E_LNAME": " 'Smith'"
      },
      {
        "E_FNAME": "'Percy'",
        "E_LNAME": " 'Liang'"
      }
    ],
    "PROJECT_HOURS": [
      {
        "HOURS": "20"
      },
      {
        "HOURS": "2"
      },
      {
        "HOURS": "40"
      },
      {
        "HOURS": "10"
      }
    ]
  },
  {
    "_id": {
      "$oid": "6113307969f35f25f0d1287e"
    },
    "PNAME": "'InkjetPrinters'",
    "PNUM": "91",
    "DEPARTMENT_DETAILS": [
      {
        "DNAME": "'Hardware'"
      }
    ],
    "EMPLOYEE_DETAILS": [
      {
        "E_FNAME": "'Alex'",
        "E_LNAME": " 'Freed'"
      },
      {
        "E_FNAME": "'Evan'",
        "E_LNAME": " 'Wallis'"
      },
      {
        "E_FNAME": "'Josh'",
        "E_LNAME": " 'Zell'"
      },
      {
        "E_FNAME": "'Andy'",
        "E_LNAME": " 'Vile'"
      },
      {
        "E_FNAME": "'Tom'",
        "E_LNAME": " 'Brand'"
      },
      {
        "E_FNAME": "'Jenny'",
        "E_LNAME": " 'Vos'"
      },
      {
        "E_FNAME": "'Chris'",
        "E_LNAME": " 'Carter'"
      },
      {
        "E_FNAME": "'Bonnie'",
        "E_LNAME": " 'Bays'"
      },
      {
        "E_FNAME": "'Alec'",
        "E_LNAME": " 'Best'"
      },
      {
        "E_FNAME": "'Sam'",
        "E_LNAME": " 'Snedden'"
      },
      {
        "E_FNAME": "'Gregory'",
        "E_LNAME": " 'Laurie'"
      },
      {
        "E_FNAME": "'Lisa'",
        "E_LNAME": " 'House'"
      },
      {
        "E_FNAME": "'Leonard'",
        "E_LNAME": " 'Moody'"
      },
      {
        "E_FNAME": "'Joseph'",
        "E_LNAME": " 'Kirkish'"
      }
    ],
    "PROJECT_HOURS": [
      {
        "HOURS": "40"
      },
      {
        "HOURS": "40"
      },
      {
        "HOURS": "40"
      },
      {
        "HOURS": "40"
      },
      {
        "HOURS": "40"
      },
      {
        "HOURS": "40"
      },
      {
        "HOURS": "40"
      },
      {
        "HOURS": "40"
      },
      {
        "HOURS": "2"
      },
      {
        "HOURS": "10"
      }
    ]
  },
  {
    "_id": {
      "$oid": "6113307969f35f25f0d1287f"
    },
    "PNAME": "'LaserPrinters'",
    "PNUM": "92",
    "DEPARTMENT_DETAILS": [
      {
        "DNAME": "'Hardware'"
      }
    ],
    "EMPLOYEE_DETAILS": [
      {
        "E_FNAME": "'Alex'",
        "E_LNAME": " 'Freed'"
      },
      {
        "E_FNAME": "'Evan'",
        "E_LNAME": " 'Wallis'"
      },
      {
        "E_FNAME": "'Josh'",
        "E_LNAME": " 'Zell'"
      },
      {
        "E_FNAME": "'Andy'",
        "E_LNAME": " 'Vile'"
      },
      {
        "E_FNAME": "'Tom'",
        "E_LNAME": " 'Brand'"
      },
      {
        "E_FNAME": "'Jenny'",
        "E_LNAME": " 'Vos'"
      },
      {
        "E_FNAME": "'Chris'",
        "E_LNAME": " 'Carter'"
      },
      {
        "E_FNAME": "'Bonnie'",
        "E_LNAME": " 'Bays'"
      },
      {
        "E_FNAME": "'Alec'",
        "E_LNAME": " 'Best'"
      },
      {
        "E_FNAME": "'Sam'",
        "E_LNAME": " 'Snedden'"
      },
      {
        "E_FNAME": "'Gregory'",
        "E_LNAME": " 'Laurie'"
      },
      {
        "E_FNAME": "'Lisa'",
        "E_LNAME": " 'House'"
      },
      {
        "E_FNAME": "'Leonard'",
        "E_LNAME": " 'Moody'"
      },
      {
        "E_FNAME": "'Joseph'",
        "E_LNAME": " 'Kirkish'"
      }
    ],
    "PROJECT_HOURS": [
      {
        "HOURS": "40"
      },
      {
        "HOURS": "44"
      },
      {
        "HOURS": "40"
      },
      {
        "HOURS": "1"
      },
      {
        "HOURS": "33"
      }
    ]
  },
  {
    "_id": {
      "$oid": "6113307969f35f25f0d12880"
    },
    "PNAME": "'Human1'",
    "PNUM": "95",
    "DEPARTMENT_DETAILS": [
      {
        "DNAME": "'HR'"
      }
    ],
    "EMPLOYEE_DETAILS": [
      {
        "E_FNAME": "'Jill'",
        "E_LNAME": " 'Jarvis'"
      },
      {
        "E_FNAME": "'Ray'",
        "E_LNAME": " 'King'"
      },
      {
        "E_FNAME": "'Kim'",
        "E_LNAME": " 'Ted'"
      },
      {
        "E_FNAME": "'Juan'",
        "E_LNAME": " 'Linda'"
      },
      {
        "E_FNAME": "'willie'",
        "E_LNAME": " 'Mary'"
      },
      {
        "E_FNAME": "'Johny'",
        "E_LNAME": " 'Smith'"
      },
      {
        "E_FNAME": "'Percy'",
        "E_LNAME": " 'Liang'"
      }
    ],
    "PROJECT_HOURS": [
      {
        "HOURS": "3"
      },
      {
        "HOURS": "40"
      },
      {
        "HOURS": "35"
      },
      {
        "HOURS": "23"
      }
    ]
  },
  {
    "_id": {
      "$oid": "6113307969f35f25f0d12881"
    },
    "PNAME": "'SearchEngine'",
    "PNUM": "22",
    "DEPARTMENT_DETAILS": [
      {
        "DNAME": "'Software'"
      }
    ],
    "EMPLOYEE_DETAILS": [
      {
        "E_FNAME": "'Jared'",
        "E_LNAME": " 'James'"
      },
      {
        "E_FNAME": "'Jon'",
        "E_LNAME": " 'Jones'"
      },
      {
        "E_FNAME": "'Justin'",
        "E_LNAME": " 'Mark'"
      },
      {
        "E_FNAME": "'Brad'",
        "E_LNAME": " 'Knight'"
      },
      {
        "E_FNAME": "'Kim'",
        "E_LNAME": " 'Grace'"
      },
      {
        "E_FNAME": "'Jeff'",
        "E_LNAME": " 'Chase'"
      },
      {
        "E_FNAME": "'Nandita'",
        "E_LNAME": " 'Ball'"
      },
      {
        "E_FNAME": "'John'",
        "E_LNAME": " 'Ed'"
      },
      {
        "E_FNAME": "'Jose'",
        "E_LNAME": " 'Barbara'"
      },
      {
        "E_FNAME": "'Penny'",
        "E_LNAME": " 'Wolowitz'"
      },
      {
        "E_FNAME": "'Debra'",
        "E_LNAME": " 'Hall'"
      },
      {
        "E_FNAME": "'Jake'",
        "E_LNAME": " 'Sheen'"
      },
      {
        "E_FNAME": "'Cindy'",
        "E_LNAME": " 'Burklow'"
      },
      {
        "E_FNAME": "'Zach'",
        "E_LNAME": " 'Geller'"
      },
      {
        "E_FNAME": "'Alex'",
        "E_LNAME": " 'Yu'"
      },
      {
        "E_FNAME": "'Christina'",
        "E_LNAME": " 'Hisel'"
      }
    ],
    "PROJECT_HOURS": [
      {
        "HOURS": "30"
      },
      {
        "HOURS": "4"
      }
    ]
  },
  {
    "_id": {
      "$oid": "6113307969f35f25f0d12882"
    },
    "PNAME": "'MotherBoard'",
    "PNUM": "29",
    "DEPARTMENT_DETAILS": [
      {
        "DNAME": "'Hardware'"
      }
    ],
    "EMPLOYEE_DETAILS": [
      {
        "E_FNAME": "'Alex'",
        "E_LNAME": " 'Freed'"
      },
      {
        "E_FNAME": "'Evan'",
        "E_LNAME": " 'Wallis'"
      },
      {
        "E_FNAME": "'Josh'",
        "E_LNAME": " 'Zell'"
      },
      {
        "E_FNAME": "'Andy'",
        "E_LNAME": " 'Vile'"
      },
      {
        "E_FNAME": "'Tom'",
        "E_LNAME": " 'Brand'"
      },
      {
        "E_FNAME": "'Jenny'",
        "E_LNAME": " 'Vos'"
      },
      {
        "E_FNAME": "'Chris'",
        "E_LNAME": " 'Carter'"
      },
      {
        "E_FNAME": "'Bonnie'",
        "E_LNAME": " 'Bays'"
      },
      {
        "E_FNAME": "'Alec'",
        "E_LNAME": " 'Best'"
      },
      {
        "E_FNAME": "'Sam'",
        "E_LNAME": " 'Snedden'"
      },
      {
        "E_FNAME": "'Gregory'",
        "E_LNAME": " 'Laurie'"
      },
      {
        "E_FNAME": "'Lisa'",
        "E_LNAME": " 'House'"
      },
      {
        "E_FNAME": "'Leonard'",
        "E_LNAME": " 'Moody'"
      },
      {
        "E_FNAME": "'Joseph'",
        "E_LNAME": " 'Kirkish'"
      }
    ],
    "PROJECT_HOURS": [
      {
        "HOURS": "10"
      },
      {
        "HOURS": "15"
      },
      {
        "HOURS": "15"
      }
    ]
  },
  {
    "_id": {
      "$oid": "6113307969f35f25f0d12883"
    },
    "PNAME": "'EntityAnnot'",
    "PNUM": "4",
    "DEPARTMENT_DETAILS": [
      {
        "DNAME": "'Research'"
      }
    ],
    "EMPLOYEE_DETAILS": [
      {
        "E_FNAME": "'Franklin'",
        "E_LNAME": " 'Wong'"
      },
      {
        "E_FNAME": "'John'",
        "E_LNAME": " 'Smith'"
      },
      {
        "E_FNAME": "'Ramesh'",
        "E_LNAME": " 'Narayan'"
      },
      {
        "E_FNAME": "'Joyce'",
        "E_LNAME": " 'English'"
      },
      {
        "E_FNAME": "'Michael'",
        "E_LNAME": " 'Morgan'"
      },
      {
        "E_FNAME": "'Andrea'",
        "E_LNAME": " 'Sondrini'"
      },
      {
        "E_FNAME": "'James'",
        "E_LNAME": " 'Miller'"
      }
    ],
    "PROJECT_HOURS": [
      {
        "HOURS": "11"
      },
      {
        "HOURS": "5"
      },
      {
        "HOURS": "45"
      }
    ]
  },
  {
    "_id": {
      "$oid": "6113307969f35f25f0d12884"
    },
    "PNAME": "'ConfigMgmt'",
    "PNUM": "11",
    "DEPARTMENT_DETAILS": [
      {
        "DNAME": "'Software'"
      }
    ],
    "EMPLOYEE_DETAILS": [
      {
        "E_FNAME": "'Jared'",
        "E_LNAME": " 'James'"
      },
      {
        "E_FNAME": "'Jon'",
        "E_LNAME": " 'Jones'"
      },
      {
        "E_FNAME": "'Justin'",
        "E_LNAME": " 'Mark'"
      },
      {
        "E_FNAME": "'Brad'",
        "E_LNAME": " 'Knight'"
      },
      {
        "E_FNAME": "'Kim'",
        "E_LNAME": " 'Grace'"
      },
      {
        "E_FNAME": "'Jeff'",
        "E_LNAME": " 'Chase'"
      },
      {
        "E_FNAME": "'Nandita'",
        "E_LNAME": " 'Ball'"
      },
      {
        "E_FNAME": "'John'",
        "E_LNAME": " 'Ed'"
      },
      {
        "E_FNAME": "'Jose'",
        "E_LNAME": " 'Barbara'"
      },
      {
        "E_FNAME": "'Penny'",
        "E_LNAME": " 'Wolowitz'"
      },
      {
        "E_FNAME": "'Debra'",
        "E_LNAME": " 'Hall'"
      },
      {
        "E_FNAME": "'Jake'",
        "E_LNAME": " 'Sheen'"
      },
      {
        "E_FNAME": "'Cindy'",
        "E_LNAME": " 'Burklow'"
      },
      {
        "E_FNAME": "'Zach'",
        "E_LNAME": " 'Geller'"
      },
      {
        "E_FNAME": "'Alex'",
        "E_LNAME": " 'Yu'"
      },
      {
        "E_FNAME": "'Christina'",
        "E_LNAME": " 'Hisel'"
      }
    ],
    "PROJECT_HOURS": [
      {
        "HOURS": "20"
      },
      {
        "HOURS": "25"
      },
      {
        "HOURS": "20"
      }
    ]
  },
  {
    "_id": {
      "$oid": "6113307969f35f25f0d12885"
    },
    "PNAME": "'DataMining'",
    "PNUM": "13",
    "DEPARTMENT_DETAILS": [
      {
        "DNAME": "'Software'"
      }
    ],
    "EMPLOYEE_DETAILS": [
      {
        "E_FNAME": "'Jared'",
        "E_LNAME": " 'James'"
      },
      {
        "E_FNAME": "'Jon'",
        "E_LNAME": " 'Jones'"
      },
      {
        "E_FNAME": "'Justin'",
        "E_LNAME": " 'Mark'"
      },
      {
        "E_FNAME": "'Brad'",
        "E_LNAME": " 'Knight'"
      },
      {
        "E_FNAME": "'Kim'",
        "E_LNAME": " 'Grace'"
      },
      {
        "E_FNAME": "'Jeff'",
        "E_LNAME": " 'Chase'"
      },
      {
        "E_FNAME": "'Nandita'",
        "E_LNAME": " 'Ball'"
      },
      {
        "E_FNAME": "'John'",
        "E_LNAME": " 'Ed'"
      },
      {
        "E_FNAME": "'Jose'",
        "E_LNAME": " 'Barbara'"
      },
      {
        "E_FNAME": "'Penny'",
        "E_LNAME": " 'Wolowitz'"
      },
      {
        "E_FNAME": "'Debra'",
        "E_LNAME": " 'Hall'"
      },
      {
        "E_FNAME": "'Jake'",
        "E_LNAME": " 'Sheen'"
      },
      {
        "E_FNAME": "'Cindy'",
        "E_LNAME": " 'Burklow'"
      },
      {
        "E_FNAME": "'Zach'",
        "E_LNAME": " 'Geller'"
      },
      {
        "E_FNAME": "'Alex'",
        "E_LNAME": " 'Yu'"
      },
      {
        "E_FNAME": "'Christina'",
        "E_LNAME": " 'Hisel'"
      }
    ],
    "PROJECT_HOURS": [
      {
        "HOURS": "18"
      }
    ]
  }
]